,vid_id,duration,total_frame,fps
0,GLd3aX16zBg,241.6,7248,30.0
1,xHr8X2Wpmno,206.8066,6198,29.97002997002997
2,V53XmPeyjIU,189.2891,5673,29.97002997002997
3,mZwK0TBI1iY,264.9313333333333,7940,29.97002997002997
4,H_9oM1Y60lU,316.38273333333336,9482,29.97002997002997
5,XOwypmUT5cc,698.6646333333333,20939,29.97002997002997
6,_xOx9hkJoBk,134.268,4025,29.97735871540501
7,67ilysu8CeU,216.9167,6501,29.97002997002997
8,gEYyWqs1oL0,225.9257,6771,29.97002997002997
9,nfYzqyureLo,259.00100000000003,6476,25.003764464229867
10,skrWT6xHVoI,191.52466666666666,4592,23.976023976023978
11,BGCW_PWhY9g,106.33956666666667,3187,29.97002997002997
12,EjHxMfOdl1k,287.32036666666664,8611,29.97002997002997
13,MIXkGU4TJp0,266.83323333333334,7997,29.97002997002997
14,Ap3g0IRcjzU,492.492,14760,29.97002997002997
15,4AIahLZfNq4,0.0,0,0.0
16,7nH0Y3agsas,0.0,0,0.0
17,wXA-1ZmvuEA,431.933,12946,29.9722410651652
18,Kbrkj7wZ4UA,466.375,11193,24.0
19,pluBtIfxUvE,212.07853333333333,6356,29.97002997002997
20,pOP5Zzm19kc,300.5,9006,29.970049916805323
21,dxSSb3tv5ZM,265.198,7948,29.970060106033984
22,acMP2DOpWeA,174.8747,5241,29.97002997002997
23,Gs3OGfQbPjc,156.42293333333333,4688,29.97002997002997
24,TkK7BbBNPaY,0.0,0,0.0
25,_bICKhr9AGo,344.6109333333333,10328,29.97002997002997
26,dxK5n3J9pdY,430.3632666666667,12898,29.97002997002997
27,pOWe4zB-E-4,275.48,6887,25.0
28,zEdAA9Oxpdw,211.33612499999998,5067,23.976023976023978
29,7Ui4OCsawAU,451.8333333333333,10844,24.0
30,frCFxOt9390,276.4,6910,25.0
31,HXqC_xWsKkY,192.52566666666667,4616,23.976023976023978
32,fn9anlEL4FI,490.28,12257,25.0
33,_XxXWiOoyhY,490.5572082762309,14676,29.917
34,qOB709GWcE8,322.18853333333334,9656,29.97002997002997
35,wch6oe0FjN8,0.0,0,0.0
36,MZbrWzqEntk,0.0,0,0.0
37,-xbTvALWCIg,454.9545,10908,23.976023976023978
38,JxCBGlPgr5o,293.3263666666667,8791,29.97002997002997
39,UA7wqVe8Kpo,185.719,5567,29.975392932333257
40,NTyhMGmuWik,399.6333333333333,11989,30.0
41,Moh7iYf2rGo,238.73850000000002,7155,29.97002997002997
42,ntiGX3X-spA,354.5542,10626,29.97002997002997
43,DBgap0YANhs,517.1610000000001,12930,25.001885292974528
44,z_ZHVTqbSZo,266.0,7980,30.0
45,GmWb7W7m2vs,428.7586111111111,12434,29.000000647865185
46,2p_h3s1CPoc,291.4,7285,25.0
47,DXYCXcuifM8,127.72,3193,25.0
48,UfWND-lc4sc,189.73333333333332,5692,30.0
49,y-Jxli-JfPg,137.25,3294,24.0
50,C_6yMh3tEQk,529.4622666666667,15868,29.97002997002997
51,7-WEdqJBXoQ,473.5731,14193,29.97002997002997
52,DDRzeomsyzU,193.96043333333333,5813,29.97002997002997
53,a4RwXrA1hiE,151.18436666666668,4531,29.97002997002997
54,Krmi9Is522c,609.96,15249,25.0
55,eQZEf3NCCo4,247.14690000000002,7407,29.97002997002997
56,1k64hSAAAd4,63.43836666666666,1521,23.97602712554075
57,ffoRmenLSLs,157.20833333333334,3773,24.0
58,Vi9BxQvpdpQ,482.7823,14469,29.97002997002997
59,3r8A4xCZgPQ,315.54856666666666,9457,29.97002997002997
60,YRZ8zZElALQ,383.56147152580337,4452,11.607005214288057
61,c9eELn4axpg,352.5188444444444,8452,23.97602322031894
62,nqyO0ovASOg,301.6680333333333,9041,29.97002997002997
63,0hVAuvPAIzA,292.02506666666665,8752,29.97002997002997
64,vDDeMg2dhEM,480.8136666666667,14410,29.97002997002997
65,VH0SmCfAov4,92.43333333333334,2773,30.0
66,PKt_za_XfF8,219.56,5489,25.0
67,HghNzA9BJAU,0.0,0,0.0
68,L-NOPLU4JOQ,436.06896666666665,13069,29.97002997002997
69,tYg3lQ5aZv8,222.98943333333332,6683,29.97002997002997
70,uxEhH6MPH28,247.847,7428,29.97010252292745
71,aCZPq6uRZa4,189.84,4746,25.0
72,xHuaYMXGTnc,183.9838,5514,29.97002997002997
73,7ebZWviUfUA,108.0079,3237,29.97002997002997
74,G-spzGkKIHM,294.3,8829,30.0
75,IqD6qnug7tc,158.16,3954,25.0
76,o9kndEZvsnY,442.80899999999997,13271,29.970032226083934
77,oAE7nqQeMBQ,120.18673333333334,3602,29.97002997002997
78,a3ZvOvo49WE,604.3037,18111,29.97002997002997
79,0uaKitJaqmI,415.56666666666666,12467,30.0
80,l1YSzo9n8EE,273.6066666666666,6560,23.976023976023978
81,gbN0iw4VbBs,55.5972,1333,23.976027569733727
82,5I-_uJQ0t1o,490.69,14706,29.970042185493895
83,Zoud8fEbWhE,553.4195333333333,16586,29.97002997002997
84,efnHOsT7k9s,193.841,4847,25.005029895636113
85,-dh_uGahzYo,561.4,14035,25.0
86,D0EAxdmzjzE,254.44,6361,25.0
87,CIRA1IC9shc,379.8795,11385,29.97002997002997
88,SHGY7kKeLq8,233.126,5596,24.004186577215755
89,sSO2wO-yaHw,609.5849999999999,18269,29.96956946119081
90,_mL1gihKDw0,555.0,16650,30.0
91,rO2UhGnexwY,177.14363333333333,5309,29.97002997002997
92,-sQXBqu-_1w,406.44,10161,25.0
93,bQ3QYyFglc0,272.00506666666666,8152,29.97002997002997
94,jGnz9f_2A2Y,440.44,11011,25.0
95,asoMkznFaCU,244.27736666666667,7321,29.97002997002997
96,NjAtxfaLwCk,284.5843,8529,29.97002997002997
97,cVUMbDi51ZQ,664.6306333333333,19919,29.97002997002997
98,qndZKzNHpwc,520.9370833333332,6245,11.988011988011989
99,Aa4rc5Exz24,210.24336666666667,6301,29.97002997002997
100,5yJz2Sc7T5k,243.2,6080,25.0
101,ZLA9W7R4a_c,186.36,4659,25.0
102,dl4NvSA3hRI,471.1333333333333,7067,15.0
103,GLzyCOTbwcU,498.4646333333333,14939,29.97002997002997
104,ucky1nWb7LY,305.8055,9165,29.97002997002997
105,1R9d_EJPZ-w,202.236,6062,29.974880832294943
106,6gObQR5Vm4M,593.1333333333333,17794,30.0
107,tXfLb2JyZI0,260.495,7808,29.973703909863914
108,igC0oJ48gxg,206.03916666666666,6175,29.97002997002997
109,aG7C1vjn1Lw,143.84,3596,25.0
110,Ex2yu23wyHA,0.0,0,0.0
111,2uApOypvnZI,322.28863333333334,9659,29.97002997002997
112,2iWUUcW08ac,510.30145555555555,12235,23.9760241065352
113,I8ckIq2-j0k,388.0126333333333,9303,23.976023461091774
114,P8SY69LYkx0,260.861,7819,29.97381747367372
115,91Fz5ZBgeL4,220.25336666666666,6601,29.97002997002997
116,84i8Qdnyd0k,200.74220000000003,4813,23.976024971331388
117,Tf-gY_-pT1U,469.8333333333333,14095,30.0
118,4Zl5NvXPi-0,109.24246666666667,3274,29.97002997002997
119,sT594H2u4kk,0.0,0,0.0
120,5E3kulJRzGY,338.30463333333336,10139,29.97002997002997
121,YMYNv3cZ9SE,293.56100000000004,7340,25.003321285865628
122,EedEYHqLfP8,346.1458,10374,29.97002997002997
123,blAZtDBQnjI,297.64,7441,25.0
124,TFJ6oR89Vb8,161.4613,4839,29.97002997002997
125,0Mz4NTozNXw,210.54366666666667,6310,29.97002997002997
126,tGaAAI3aAUs,405.373,12150,29.97239579350376
127,GYolHIuQlEY,56.4,1692,30.0
128,eYOn2ZVB4nc,190.44,4761,25.0
129,mhEVgpfF-IU,293.96666666666664,8819,30.0
130,EnP2j1caRVs,150.91743333333335,4523,29.97002997002997
131,wSXkTrTvI5o,199.96,4999,25.0
132,cF45-iVw--w,353.21953333333335,10586,29.97002997002997
133,9cDDAEsdb7A,321.1541666666667,9625,29.97002997002997
134,hL0kuCIfFJI,260.2266333333333,7799,29.97002997002997
135,0Y8z5xbGKqI,0.0,0,0.0
136,bFoIJCDEqGw,326.29263333333336,9779,29.97002997002997
137,pTjoGIvSfE8,529.6329999999999,15889,30.00001888099873
138,C67CT1mdkzI,288.05443333333335,8633,29.97002997002997
139,PTgdWWK2SPQ,400.53333333333336,12016,30.0
140,SUrLFp8IwRw,671.3373333333334,20120,29.97002997002997
141,91z7e22XGy8,319.7527666666667,9583,29.97002997002997
142,COKrOqleb1k,341.3,10239,30.0
143,QpDxIXV6VTE,454.52,11363,25.0
144,5MiUA4iaKbA,151.11763333333334,4529,29.97002997002997
145,7R5MVNE-ePU,337.47046666666665,10114,29.97002997002997
146,wokMK-w7XiA,0.0,0,0.0
147,jEo9VXYVrxs,426.4927333333333,12782,29.97002997002997
148,RWtVm_5_D2s,232.8326,6978,29.97002997002997
149,i4ZAwUoP8c4,215.21499999999997,5160,23.976023976023978
150,PXYabjc__UU,0.0,0,0.0
151,tKWl-njXhP0,426.1924333333333,12773,29.97002997002997
152,7EDUOK75P2E,422.4,12672,30.0
153,ffhliBglDhY,204.361,5110,25.00477096902051
154,nfO0YS2dSdw,368.23453333333333,11036,29.97002997002997
155,CYadKq5-FRg,211.08,5277,25.0
156,trSnVJl6Q_k,196.02916666666667,5875,29.97002997002997
157,cCAct_Q8QTw,171.48,4287,25.0
158,DOpNRTefVjE,358.49146666666667,10744,29.97002997002997
159,2Rn2tM9Rgg8,603.5333333333333,18106,30.0
160,Rc9kXItj6ic,176.84334444444443,4240,23.976022469604455
161,jxMQRNpUsXc,153.48666666666668,4600,29.97002997002997
162,KmqfNQG1BXk,282.0317444444444,6762,23.97602444831171
163,zmEyQT7ifS8,439.76,10994,25.0
164,zW4yoTwjtJs,265.6654,7962,29.97002997002997
165,Ij-B7-rcK0Q,319.561,7990,25.00305106067386
166,QS0I7mLQIgc,424.8333333333333,12745,30.0
167,mKIvvx1SwmQ,253.11953333333335,7586,29.97002997002997
168,9BNRMHGepS4,317.1084583333333,7603,23.976023976023978
169,dmJB7NHZ2cI,329.7,9891,30.0
170,obixe3__Sjk,277.44,6936,25.0
171,VcIF3HOI9wI,326.72,8168,25.0
172,W2xZWTltJ10,733.3333333333334,22000,30.0
173,dqksjDlrqq8,0.0,0,0.0
174,SqLOMJ2D_SM,159.8,3995,25.0
175,aqH_V3yLtrY,0.0,0,0.0
176,I9nR5rDP7nQ,245.04,6126,25.0
177,0VBNakxmATU,82.54079166666666,1979,23.976023976023978
178,SsafTopywFo,587.7204666666667,17614,29.97002997002997
179,bUIHg-RNR28,344.4274111111111,8258,23.976024362753165
180,iqcnbNqVc7U,315.16,7879,25.0
181,arQZ2m0hMSU,309.03333333333336,9271,30.0
182,5olHoTWB1Hw,409.3,12279,30.0
183,7hfaWQgcDyo,54.0123,1295,23.97602027686286
184,P7bsYTDILps,274.9830333333333,6593,23.976024702614986
185,RnSl1LVrItI,442.3419,13257,29.97002997002997
186,p2wKeNmzIJ0,474.8410333333333,14231,29.97002997002997
187,IdEZ7LvLZPE,196.90504166666665,4721,23.976023976023978
188,WWoxlXWGYTA,766.16,19154,25.0
189,XAHNVoKV1Bc,676.3423333333334,20270,29.97002997002997
190,dC9gJsXAXGU,204.0038,6114,29.97002997002997
191,R-EnNr_oH8A,604.04,15101,25.0
192,k89aq4jtiNM,284.48,7112,25.0
193,yBsMxYO8fZo,326.08,8152,25.0
194,okvTq8gtr8c,388.75,9330,24.0
195,HeG0xZ-U_4w,172.0719,5157,29.97002997002997
196,1dIa_dJUxro,230.06316666666666,6895,29.97002997002997
197,UvuV9z3HkDo,240.8406,7218,29.97002997002997
198,L5IxNIODQkc,196.02916666666664,4700,23.976023976023978
199,DzRIphFQ2Jc,188.13333333333333,5644,30.0
200,APKue3kxJmg,518.8099666666667,12439,23.97602359091148
201,M-SB6et-mkg,334.44,8361,25.0
202,9K3HfJqsY-M,163.16299999999998,3912,23.976023976023978
203,ny7G1uw36J0,480.6333333333333,14419,30.0
204,qmoqJRP5N6E,338.12,8453,25.0
205,UB1_MNpdvgs,745.0109333333334,22328,29.97002997002997
206,xkKuIlYSMMU,179.4,4485,25.0
207,GLYC8yfRSzE,211.12758333333332,5062,23.976023976023978
208,wHWDBQ9_7FU,251.1509,7527,29.97002997002997
209,y4y22RQH05c,455.8,13674,30.0
210,aEXmWHuxdO4,210.84396666666666,6319,29.97002997002997
211,zuQfLg46-Yc,300.2833333333333,9000,29.97169340067714
212,6jQF0_tuGdU,179.21236666666667,5371,29.97002997002997
213,vHpqMItXGzg,211.84496666666666,6349,29.97002997002997
214,vL2hqbnR5HY,214.88,5372,25.0
215,LyHg4jZM3Xo,250.51693333333333,7508,29.97002997002997
216,zqTXQ-YqrgQ,181.01416666666668,5425,29.97002997002997
217,6bZ4ZJtRmaE,356.356,10680,29.97002997002997
218,aloPXuBLkDs,145.14533333333333,3480,23.975968913916166
219,ZFCc4B5Jj_4,185.5854,5562,29.97002997002997
220,X1mE2IWeamI,297.28,7432,25.0
221,9gCiWOadMuc,0.0,0,0.0
222,VPFmudvabUg,554.687,16624,29.970055184275097
223,F564e476ULM,450.0,10800,24.0
224,FQRC8urWpew,265.72379166666667,6371,23.976023976023978
225,InDwfZmSikI,240.24099999999999,7201,29.974067707010878
226,naTT2_95rpM,230.19663333333332,6899,29.97002997002997
227,gRoxcqIRXOU,215.56,5389,25.0
228,LV943DshjOc,356.38936666666666,10681,29.97002997002997
229,1-SJGQ2HLp8,395.04,9876,25.0
230,4Y8vVGsv4JE,0.0,0,0.0
231,LfSYF1N5i_Q,249.01543333333333,7463,29.97002997002997
232,WEAobzGzPFI,224.47425555555557,5382,23.97602338263685
233,xp899pkRCew,220.84,5521,25.0
234,xPiv3hP5888,526.8,13170,25.0
235,ixaY3TcKFFA,397.2969,11907,29.97002997002997
236,hrj_nf_ApD0,230.73333333333332,3461,15.0
237,UzqlXpAAAWk,78.64,1966,25.0
238,EOc8Xiezg8U,193.86100000000002,5811,29.975085241487456
239,gbkXkxwlYjw,410.27653333333336,12296,29.97002997002997
240,T_fPNAK5Ecg,547.8,16434,30.0
241,QWhn9Ncvvso,238.40483333333333,7145,29.97002997002997
242,G5DNP4qv51c,219.08553333333333,6566,29.97002997002997
243,C2cNcOXGyZA,235.703,7065,29.974162399290634
244,JzU12Qf5FPg,564.2,16926,30.0
245,M4cDslY_qCg,189.56436666666667,4545,23.976025030020587
246,OUhxy5BANfk,260.26,7800,29.97002997002997
247,v7U70gPylBA,449.4823666666667,13471,29.97002997002997
248,GridojtCXDE,590.1894,17688,29.970040126101892
249,EN1Qf9vcnN0,392.8925,11775,29.97002997002997
250,o4gTZoW0SXI,214.34746666666666,6424,29.97002997002997
251,Gf4eEhDpxgk,294.2262666666667,8818,29.970131830514113
252,Ax165ic4b3o,430.3299,12897,29.97002997002997
253,7dUpBLA2C6I,139.74,4189,29.97710032918277
254,BUhMeYMzydE,268.468,8046,29.970052296735552
255,IPl_MdY9yNQ,396.24,9906,25.0
256,3HKIO_gPWQQ,327.26059392726063,4904,14.985
257,s99K_WyajB8,345.24,8631,25.0
258,8fVUcbC8MgM,321.2534,9628,29.9701108221734
259,qHhjAnASggk,141.27446666666668,4234,29.97002997002997
260,EyAdFQJv2LY,54.08736666666667,1621,29.97002997002997
261,PHpk4ITk-SE,442.60883333333334,13265,29.97002997002997
262,9rS18VIXt1w,251.96004444444446,6041,23.976023711696087
263,MrYB9qNgbJ4,178.178,5340,29.97002997002997
264,We4NsM_moJQ,393.1010333333333,9425,23.976024484290765
265,zzT6RoI4JPU,704.84,17621,25.0
266,GAKI57aE3Yo,380.01296666666667,11389,29.97002997002997
267,CWxjNRIKjA0,185.51866666666666,5560,29.97002997002997
268,SZ7TtauNFRU,619.5274959957288,18566,29.968
269,FG7gL0oxMDs,617.817,18516,29.97003967194169
270,88YovCsnMxs,188.42156666666668,5647,29.97002997002997
271,AEpS4UBE6ds,438.4,10960,25.0
272,A4pTxrrBtMU,180.6,4515,25.0
273,UZGqsSB9cSQ,284.584,8529,29.970061563545386
274,WrJ_Xj9FArM,301.52,7538,25.0
275,RoLhMa9SHsI,258.8,7764,30.0
276,S07Fr83GcBI,261.5529583333333,6271,23.976023976023978
277,RAsemdTGDYk,243.21099999999998,7290,29.973973216671943
278,eZqq8C0U49M,233.83360000000002,7008,29.97002997002997
279,sje4izweMUg,116.268,3489,30.008256786046033
280,Cgyi5kaU7Qc,357.1666666666667,10715,30.0
281,fw_3Bg17UFU,304.30400000000003,9120,29.97002997002997
282,PNlctwVmbLY,321.321,9630,29.97002997002997
283,-ErPSunMfcs,154.2541,4623,29.97002997002997
284,fJ47lmh3uiU,630.6633666666667,18901,29.97002997002997
285,gswKIbddBHw,207.6,6228,30.0
286,X1e5zsLlbZo,322.188,9656,29.97007958086583
287,qK_02VHLcN0,319.8195,9585,29.97002997002997
288,UaQ_PwDnIis,351.31763333333333,10529,29.97002997002997
289,BjWYw7V_T0s,0.0,0,0.0
290,H4-p87JS-yA,189.12226666666666,5668,29.97002997002997
291,4UDMcBe5D3A,198.0,4752,24.0
292,cppB7IXFySk,274.9413333333333,6592,23.976023976023978
293,T2lxCGJ9ekg,288.05443333333335,8633,29.97002997002997
294,k-aTILi_nLY,234.46756666666667,7027,29.97002997002997
295,JlXYqpEWUuA,523.16,13079,25.0
296,-k7trpuj3X8,284.3841,8523,29.97002997002997
297,J7gBorrGvDU,367.1333333333333,11014,30.0
298,um8-utUa9UI,237.27,7111,29.970076284401735
299,1U5GzTal-2Y,255.96403333333333,6137,23.976024756603174
300,wR8Ybxpnbwc,166.39956666666666,4987,29.97002997002997
301,Kkhvy9rQHaQ,320.4201,9603,29.97002997002997
302,XzgR14o6b80,311.12,7778,25.0
303,TO_W2RYL2mA,126.58479999999999,3035,23.97602239763384
304,4zO87oc_r-c,179.04553333333334,5366,29.97002997002997
305,QYl_wwBKt18,229.23333333333332,6877,30.0
306,EsQbw20TQPA,308.3497083333333,7393,23.976023976023978
307,14w_h9VFtzU,179.879,5391,29.9701465985468
308,S8BAT46vJJs,376.54333333333335,11285,29.969990173773713
309,LrfB-u6Y7Vg,660.9666666666667,19829,30.0
310,Y4SijHJ02Zg,414.16375,9930,23.976023976023978
311,22qauL6BO8E,181.34799999999998,5436,29.975516686150385
312,_pwC3oNzQT8,445.0,11125,25.0
313,JylDlRtH9Tc,233.83333333333334,5612,24.0
314,ysmNrW8Yg58,0.0,0,0.0
315,RFE7qdhjgXc,279.61266666666666,6704,23.976023976023978
316,kXoSzxkZsx8,0.0,0,0.0
317,Pqi3yupFFJo,0.0,0,0.0
318,PPeAw7iM-iw,0.0,0,0.0
319,SSmpg5gmTzc,332.0,7968,24.0
320,UVHIuuQ0-nA,325.3163333333333,7800,23.976662714957442
321,Mzn6Q4gUDBo,268.9019666666667,8059,29.97002997002997
322,cVDsNLn2zc4,409.75,9834,24.0
323,J3wZ7wYPVTI,283.8836,8508,29.97002997002997
324,v7xUF6_YFcc,403.80400000000003,12103,29.972461887450347
325,JGp_1OQ_XC8,113.28,3396,29.978813559322035
326,OIHLdm9BuoU,191.65813333333332,5744,29.97002997002997
327,95WMX64RIBc,350.73333333333335,10522,30.0
328,BTMd6rcevns,185.08,4627,25.0
329,a6Axxe-Q9K0,181.74800000000002,5447,29.970068446420317
330,mNhj7SA7c4g,0.0,0,0.0
331,C73qiF138VU,142.97616666666664,3428,23.976023976023978
332,LMoGwLqPM64,197.497,5919,29.970075494817642
333,_xIIpW8iMps,618.3666666666667,18551,30.0
334,rAvuiOAC-V8,196.36283333333333,5885,29.97002997002997
335,IJXdHAGqxhA,213.04616666666666,5108,23.976023976023978
336,64x2_RvBOa0,282.4488333333333,8465,29.97002997002997
337,pH5PbKWJ3c0,138.28,3457,25.0
338,fr_02xrchH0,135.95833333333334,3263,24.0
339,byZj4mfOJ2s,340.5735666666667,10207,29.97002997002997
340,uy_EB_IQuLM,512.4786333333334,15359,29.97002997002997
341,wklpuFysPq8,612.4785333333333,18356,29.97002997002997
342,tqA5LByjh_Y,348.48,8712,25.0
343,8lqdPpg3w08,441.50773333333336,13232,29.97002997002997
344,TvQjlIaAssw,123.625,2967,24.0
345,kAD8FSnkm50,314.7477666666667,9433,29.97002997002997
346,C4ToOkxTe-o,294.3,8829,30.0
347,QDm3UNAXg_U,572.4,17172,30.0
348,m20wLqgdmLY,185.841,4647,25.005246420327055
349,_b5ZFYRGFDg,440.8070333333333,13211,29.97002997002997
350,Ws7JgPJsVjs,267.534,8019,29.97376034447958
351,hyj9wh9t3Dg,321.24,8031,25.0
352,92cezdsHEwM,565.5983666666667,16951,29.97002997002997
353,z6GDbQ7nqic,256.3894666666667,7684,29.97002997002997
354,uek-TzOhu9I,184.3842,5526,29.97002997002997
355,EpMbu7EIYf0,286.04,7151,25.0
356,KgpkoZrOqck,592.2249666666667,17749,29.97002997002997
357,kpRcFx8JQl0,272.97270000000003,8181,29.97002997002997
358,zWHu95io9B4,219.63607777777779,5266,23.976024582482324
359,vglhM2iVGSo,83.92,2098,25.0
360,5nh2CP22dgY,479.44,11986,25.0
361,LRjJqoeprqg,516.5493666666666,15481,29.97002997002997
362,_Fr7cxZOjI4,279.40412499999996,6699,23.976023976023978
363,RYaVRKzehns,225.12099999999998,5629,25.004331004215512
364,BrtC6jhKBp0,257.257,7710,29.97002997002997
365,7TUOtdjLI6I,309.2089,9267,29.97002997002997
366,j2HzT9LHiUE,405.4,10135,25.0
367,zukEQgbWdsY,314.2322555555556,7535,23.979078744409257
368,bpsKpmyexUs,531.4333333333333,15943,30.0
369,5pPebDhgKmU,291.543,6998,24.00332026493519
370,7Fd7DjXMeaQ,400.40000000000003,12000,29.97002997002997
371,YUWG15N2yW4,402.402,12060,29.97002997002997
372,ORHuKU5vxRg,115.28,2882,25.0
373,QISvGTL2VDc,112.48,2812,25.0
374,7QeBiNfke5s,90.76,2269,25.0
375,DzbWIioCb74,298.8,7470,25.0
376,qRUbmEZ6oiA,342.8758666666667,10276,29.97002997002997
377,CElmXCveb48,216.28,5407,25.0
378,zLBRrWd4DTo,199.86666666666667,5996,30.0
379,XXBxo6LLj1w,262.42883333333333,7865,29.97002997002997
380,oC5OvA4BK-E,0.0,0,0.0
381,jRdA68GbUMg,385.3015777777778,9238,23.97602432172755
382,KIvxQGWU5KU,436.88,10922,25.0
383,2IkN3hTEZ2Y,336.1666666666667,10085,30.0
384,d_-261CDy18,328.796,9855,29.972992372169976
385,qtyJmyLVclQ,0.0,0,0.0
386,AoPDhr5qkxY,263.2213,6311,23.976023216966105
387,PQxzLMP99BI,536.7695666666667,16087,29.97002997002997
388,N6J2ZQYic_g,204.20399999999998,4896,23.976023976023978
389,WmjLvnYi2hE,444.97786666666667,13336,29.97002997002997
390,DwJpxm7RI3k,299.38241111111114,7178,23.976024420940337
391,uJuGp3BUD6o,188.801,4721,25.005164167562672
392,soLZjUyn0CI,332.06666666666666,9962,30.0
393,e-GfjjZMabA,0.0,0,0.0
394,WZu2ZAHzjbg,210.2100111111111,5040,23.976022708718652
395,TGY3iP4X34c,393.6933,11799,29.97002997002997
396,HcheHWBXjr4,279.1789,8367,29.97002997002997
397,L-BrQdgDu-M,293.2262666666667,8788,29.97002997002997
398,LWuuCndtJr0,151.23441111111111,3626,23.97602485677679
399,ZvIXsbEUCa0,399.56583333333333,11975,29.97002997002997
400,ysRLGUndzgg,588.1876,17628,29.97002997002997
401,i2bQ88Ci5p4,242.86762499999998,5823,23.976023976023978
402,2vNPfc8LaTc,152.08526666666668,4558,29.97002997002997
403,ueGKsfUW-PM,526.0588666666666,15766,29.97002997002997
404,e1gtgMczUwE,208.74186666666668,6256,29.97002997002997
405,u95xkc4DfAs,211.713,6346,29.974541005984516
406,G-vY8T7pSTM,138.706,4158,29.977073810794053
407,nWGpCmDlNU4,246.871625,5919,23.976023976023978
408,cwsDQ7M5OTI,275.20799999999997,8248,29.970059009912504
409,J6j0B9hK2Sk,222.68913333333333,6674,29.97002997002997
410,XpZZ08wz_4A,197.0969,5907,29.97002997002997
411,oR2QDpoatcQ,311.0107,9321,29.97002997002997
412,7h70U1m5hFg,144.31083333333333,3460,23.976023976023978
413,6jwKyMXHY1I,83.083,2490,29.97002997002997
414,FfyOV00sXEY,453.92,11348,25.0
415,UIElE5H_iHc,317.321,7934,25.003072598409812
416,BPgpTaUH6t0,265.19826666666665,7948,29.97002997002997
417,Dp_khENsaUQ,84.92,2123,25.0
418,FzhJGCaaYVs,0.0,0,0.0
419,hSsNOSjkWww,272.06412222222224,6524,23.979641073993545
420,nfVXBQwOCMc,441.2,11030,25.0
421,NHFmZV7XNzc,200.76723333333334,6017,29.97002997002997
422,sjh57ujp52M,338.52,8463,25.0
423,TOle-ziRKN4,500.56673333333333,15002,29.97002997002997
424,57e54HEcrUE,0.0,0,0.0
425,TMBCzbD7430,625.5832916666666,14999,23.976023976023978
426,-yfTO7V2d_E,580.2797,17391,29.97002997002997
427,USfS4E3gDqI,286.91996666666665,8599,29.97002997002997
428,oKjZW0WTbNI,255.28,6382,25.0
429,RBsbedWWmUI,377.53333333333336,11326,30.0
430,OKyOqfAeARQ,251.16,6279,25.0
431,zBexcthy_tA,368.5682,11046,29.97002997002997
432,JfLGO_437iI,341.3743666666667,10231,29.97002997002997
433,FrzEHqqi1RY,203.88,5097,25.0
434,UoP9ZJKqAh4,232.63240000000002,6972,29.97002997002997
435,_EtwHSuT4LA,353.9583333333333,8495,24.0
436,WXj9wVPWmj0,287.26666666666665,8618,30.0
437,BAoQWVV-bh4,0.0,0,0.0
438,qq0Wu8fJQLI,333.29129166666667,7991,23.976023976023978
439,3V4MxH2GuIU,520.0195,15585,29.97002997002997
440,v174YTbr2N8,284.8,7120,25.0
441,jT75QMjRkD0,190.52,4763,25.0
442,luc3a5TQ6z4,141.22441666666666,3386,23.976023976023978
443,0l_U1Moloqk,124.49103333333333,3731,29.97002997002997
444,mer7ECSKflk,299.46583333333336,8975,29.97002997002997
445,nF67_d1HHnI,484.8,12120,25.0
446,NkU9HSI1S9k,284.6844,8532,29.97002997002997
447,yxjnWx6TaQ8,114.125,2739,24.0
448,F-Pgf8bXDpQ,156.156,4680,29.97002997002997
449,viwpmylgps0,277.08,6927,25.0
450,uf65nfh6X2U,309.04,7726,25.0
451,yqpMSBZaNno,220.32,5508,25.0
452,dB4SW9-y13U,341.00733333333335,10220,29.97002997002997
453,8pYjtrt5Kbg,233.80023333333332,7007,29.97002997002997
454,4B6j3gYkvr4,337.67066666666665,10120,29.97002997002997
455,SuK9T9KOBSs,389.52,9738,25.0
456,umveZyJ1h1s,597.8639333333333,17918,29.97002997002997
457,sLFCqYYhrZM,417.28353333333337,12506,29.97002997002997
458,9gCDpktlxfs,0.0,0,0.0
459,P71govkTh1E,250.75050000000002,7515,29.97002997002997
460,5FOX31OK_pU,193.43333333333334,5803,30.0
461,uHv9xRooPMc,169.76,4244,25.0
462,6IN_mupBjh8,379.1788,11364,29.97002997002997
463,on8-O_f69ys,437.1867555555555,10482,23.976023671348386
464,3z_QhNnSFtM,170.93743333333333,5123,29.97002997002997
465,2-mxsib6pJo,381.44773333333336,11432,29.97002997002997
466,sGzBQrg1adY,706.6,17665,25.0
467,oP6PR4KfH0A,492.55873333333335,14762,29.97002997002997
468,oJZUxU9szWA,0.0,0,0.0
469,v-GtKLHLmsU,347.5833333333333,8342,24.0
470,dn1qrAHh7k0,105.63333333333334,3169,30.0
471,yFeZN3W5YKY,272.08,6802,25.0
472,nHZsE7T7hwI,203.53613333333334,6100,29.97010850161904
473,OpURFOTdycE,597.2,17916,30.0
474,R2ZODSZjegw,160.795,4820,29.976056469417582
475,PQ97HXmsFR0,507.53333333333336,15226,30.0
476,RUnYJCdTLiY,314.18053333333336,9416,29.97002997002997
477,EixGhZ5lCGQ,272.0,6800,25.0
478,Y2HYSmo4KaI,258.12,6453,25.0
479,M1HPY6_IEqU,107.97453333333334,3236,29.97002997002997
480,Db6SYxAfmPM,219.15226666666666,6568,29.97002997002997
481,pz1pXfa208Y,133.293,3200,24.007262196814537
482,QTSklobANsU,0.0,0,0.0
483,JVX1LQa1MP8,290.5903,8709,29.97002997002997
484,T2PO609-4t0,558.2910666666667,16732,29.97002997002997
485,Eg89rR5s8e4,376.9,11307,30.0
486,Ppnycaaf-zg,116.85006666666666,3502,29.97002997002997
487,G-AUY-jWzck,272.56666666666666,8177,30.0
488,HJBQ-NgQ9T0,455.70525,10926,23.976023976023978
489,5cqJkRqbHrs,381.76666666666665,11453,30.0
490,bUQ_OAQNyj8,0.0,0,0.0
491,KUL6f9Q5ER4,381.44773333333336,11432,29.97002997002997
492,BX5zMlnyq5k,156.16,3904,25.0
493,HP_quieYDVQ,326.12,8153,25.0
494,dMhoqii0Cq0,243.12,6078,25.0
495,S7hpTy1Rx1k,206.92,5173,25.0
496,IDiovuOcKW8,435.04,10876,25.0
497,bmZB3aszZlA,312.47883333333334,9365,29.97002997002997
498,vZariS25PF8,325.35836666666665,9751,29.97002997002997
499,Ew5YKc6xmLE,245.24,6131,25.0
500,ikmPrpgWQ5M,184.0839,5517,29.97002997002997
501,Ay55c3jSbeI,594.1603333333334,17807,29.970024925931888
502,qVvJQBIL_HY,385.48,9637,25.0
503,T0WX6UJQna8,495.52836666666667,14851,29.97002997002997
504,p6LSW9kuRCE,251.8349111111111,6038,23.976024504942437
505,IvDEV7eROm4,619.5856333333334,18569,29.97002997002997
506,_D7bcfuVq54,105.833,3175,30.000094488486578
507,POgIE_9QuYA,392.9759111111111,9422,23.97602431497639
508,vV1Z1g94BHI,505.12,12628,25.0
509,3AAdKl1UYZs,312.4,7810,25.0
510,Iq1Sn9vERcU,174.16,4354,25.0
511,GXnzgRC3sd4,108.6,2715,25.0
512,XZIiNz19HWA,198.78191666666666,4766,23.976023976023978
513,pNAwkqm4t3A,190.80100000000002,4771,25.00511003611092
514,6MBctYaMU8U,422.28853333333336,12656,29.97002997002997
515,01lB162koHA,358.63300000000004,8966,25.000487964018927
516,Wi9BWzwPsfA,0.0,0,0.0
517,awQYyYgulLw,176.52,4413,25.0
518,-goI2-eJO1w,396.521125,9507,23.976023976023978
519,SlgRjEPUgnM,164.905,3954,23.977441557260242
520,f9mlIEtVt5s,231.3311,6933,29.97002997002997
521,10dZTHlkb8w,359.2589,10767,29.97002997002997
522,E_0tikIOFIc,172.43893333333332,5168,29.97002997002997
523,qAoqhmjk3iY,153.75,3690,24.0
524,ANjn5Nrbw-c,527.9941333333334,15824,29.97002997002997
525,lMNneVHjxk8,326.99333333333334,9800,29.97002997002997
526,pUmjiLjhxgc,0.0,0,0.0
527,dPqo0vnC0vs,288.6,8658,30.0
528,SKRTpHStvT8,247.78086666666667,7426,29.97002997002997
529,WCBuVWAvJYE,0.0,0,0.0
530,Y6VBdbmdjYw,266.32,6658,25.0
531,__5RJw4UP1Y,144.91143333333335,4343,29.97002997002997
532,LlzW9bBIPoA,226.66666666666666,3400,15.0
533,zF3TOfktwd4,345.7,10371,30.0
534,H6acK-N2wMs,154.76666666666668,4643,30.0
535,nUq_ZTqMbFI,246.98006666666666,7402,29.97002997002997
536,6Rq7O6sX6ds,267.32,6683,25.0
537,lpWOv7Y3JHM,0.0,0,0.0
538,838pWl1iNKk,0.0,0,0.0
539,wJ4b37dPlgI,292.433,8773,30.000034195867087
540,NWBh5-CfPHk,0.0,0,0.0
541,cCWDR-jUv9U,169.366,5081,30.00011808745557
542,k_PX3Pa5GdY,273.84,6846,25.0
543,vEiWZHn2OiE,356.93991666666665,8558,23.976023976023978
544,faFpytaIzI0,107.93296089385476,1610,14.916666666666666
545,pvGBm2epEo0,0.0,0,0.0
546,3cVVML1OLNM,191.33333333333334,5740,30.0
547,mCc1T7zOKjA,0.0,0,0.0
548,U10oixMc9_k,283.88,7097,25.0
549,zFKhct4g8as,380.11306666666667,11392,29.97002997002997
550,rP7dlRovAzo,0.0,0,0.0
551,5SMOBHTBPjA,391.87600000000003,9406,24.002490583756085
552,TyR6QO1pVCo,297.3971,8913,29.97002997002997
553,Ba2xxUXJ90w,217.13357777777776,5206,23.97602458947186
554,QUV_oA9DrGw,480.94713333333334,14414,29.97002997002997
555,lFdRibsuiRk,113.15470833333333,2713,23.976023976023978
556,wW_kszdGIJw,367.48,9187,25.0
557,x3if1znl5Fg,482.03333333333336,14461,30.0
558,m3kFrdCHitg,91.1,2733,30.0
559,a-rB3f8lqEg,495.88,12397,25.0
560,-CP9gKR9GR4,430.7303,12909,29.97002997002997
561,b34VwqSkRE0,235.48524999999998,5646,23.976023976023978
562,JAF3Bpy-AsY,551.4,16542,30.0
563,1BgVCXxPjIc,196.64,4916,25.0
564,HF49t8uVJOE,190.56666666666666,5717,30.0
565,NwiypvZAymk,766.9333333333333,23008,30.0
566,9vs5PjAzc4c,243.8,7314,30.0
567,tasuUgO6m3c,392.4,9810,25.0
568,MZj3qmpbXo8,442.13300000000004,13264,30.00002261762863
569,r-s3tFLCqxM,184.96,4624,25.0
570,LnlYlMuX1Cc,348.91499999999996,10457,29.970050012180618
571,fpPQcbr5VC0,280.24663333333336,8399,29.97002997002997
572,Fp_d1SlbG_0,354.7877666666667,10633,29.97002997002997
573,x3yKLl3q7xk,241.80823333333333,7247,29.97002997002997
574,3S1tnRkJ5OI,471.76666666666665,14153,30.0
575,6Mi3xrBF1sY,675.04,16876,25.0
576,JqjwJIV6pI0,385.3666666666667,11561,30.0
577,o2H6KyYNy3s,233.7335,7005,29.97002997002997
578,zgfwA7qt0lg,0.0,0,0.0
579,cMMoRNhHJrI,351.55199999999996,10537,29.972806298925907
580,8X2wDyjl6T8,45.9459,1377,29.97002997002997
581,Xp2HNiLabRI,202.83596666666668,6079,29.97002997002997
582,OEfzgobszUA,228.7285,6855,29.97002997002997
583,vmTP3k22f0I,0.0,0,0.0
584,YZC_uXqB948,219.88633333333334,6590,29.97002997002997
585,1mJeGeb-iew,351.46666666666664,10544,30.0
586,mUoOTodwgdc,270.93733333333336,8120,29.97002997002997
587,Bts6MvK8f9k,209.64100000000002,5242,25.00465080780954
588,faEJiqrx96s,117.08240383965389,3464,29.586
589,8PFyEtZgSUs,317.56,7939,25.0
590,3meb_5kcPFg,543.9666666666667,16319,30.0
591,4h33GFHLPNg,0.0,0,0.0
592,vVZsj1t9R70,503.7032,15096,29.97002997002997
593,-Ju39A-G0Dk,495.96299999999997,14865,29.97199387857562
594,foTy--iKmQ0,404.7710333333333,12131,29.97002997002997
595,9pJToG30LdM,187.45393333333334,5618,29.97002997002997
596,umlod2kf3K8,601.48,15037,25.0
597,LQDP3xm8aRk,601.2006,18018,29.97002997002997
598,WwbaJPZktec,298.1311666666667,7148,23.976023976023978
599,2bGOopmLtk4,0.0,0,0.0
600,nRojh0N1QiU,0.0,0,0.0
601,NZtwPf32YN4,221.2,5530,25.0
602,FHvZgt3ExDI,463.6965666666667,13897,29.97002997002997
603,FplIx3-XZvs,425.4583666666667,12751,29.97002997002997
604,ofaghkdG2pU,341.9082333333333,10247,29.97002997002997
605,tKAWmB7gaYk,310.3666666666667,9311,30.0
606,MPCU71Hg-i4,62.92953333333333,1886,29.97002997002997
607,_VqJtr0nUKQ,472.53333333333336,14176,30.0
608,qRSZEN6g8jY,343.53333333333336,10306,30.0
609,BgndHaHcHE0,272.6724,8172,29.97002997002997
610,874YJgcKyD8,87.05363333333334,2609,29.97002997002997
611,VLS3ZJt9GMg,191.32,4783,25.0
612,5ZWUiD2OL04,229.72949999999997,5508,23.976023976023978
613,U_yVc8Dl048,329.91291666666666,7910,23.976023976023978
614,yU7p2deHUEY,333.59993333333335,9998,29.97002997002997
615,N35UyfIwhVI,145.24,3631,25.0
616,v1WYthMcMRI,461.1666666666667,13835,30.0
617,ZTU_etWv0L8,211.84,5296,25.0
618,hkVfzjA1HA0,414.08033333333333,9928,23.976023976023978
619,zKS6PpS5WKQ,573.9066666666666,17200,29.97002997002997
620,QLaA91I4t3U,185.8857,5571,29.97002997002997
621,Afp_1HegZOc,257.44,6436,25.0
622,Gs7Bg6hLo84,147.4473,4419,29.97002997002997
623,ZBKyj1frrAU,105.3052,3156,29.97002997002997
624,oaOdliOVL6g,261.8,6545,25.0
625,1BYKKEvxcVo,0.0,0,0.0
626,9GIPE0aeVNI,154.9548,4644,29.97002997002997
627,YP4B9gLNOIM,218.78523333333334,6557,29.97002997002997
628,_H0Mmr15_zA,375.32,9383,25.0
629,PTUxCvCz8Bc,269.3691,8073,29.97002997002997
630,SDHOR15oWwU,360.76,9019,25.0
631,gZuDMKXWU_E,394.4357,9457,23.976024482570924
632,fSY-uG_uayI,715.0476666666667,21430,29.97002997002997
633,fznTL6TzsqI,526.6261000000001,15783,29.97002997002997
634,2NsbFst90QQ,303.8702333333333,9107,29.97002997002997
635,MtWNUAUmGpU,393.9936,11808,29.97002997002997
636,MC7IWjamNYI,0.0,0,0.0
637,2rYhzpo4bY0,0.0,0,0.0
638,dPQmCSYmwA8,311.44,7786,25.0
639,fIRadWyEofw,0.0,0,0.0
640,mtX4PAsQR70,0.0,0,0.0
641,L_g38nzrJDA,435.435,6525,14.985014985014985
642,ivCUhv6Cm0Q,252.3521,7563,29.97002997002997
643,m88rF0rwHo8,262.92,6573,25.0
644,u7xQLvrmRUg,89.53333333333333,2686,30.0
645,RqgN6iWMkb0,278.74513333333334,8354,29.97002997002997
646,sdB8qBlLS2E,358.681,8968,25.002718292856326
647,lQXNAjrNzus,218.92,5473,25.0
648,r4MPTWizETs,0.0,0,0.0
649,L3x9HDsfpBY,402.24,10056,25.0
650,PfupF0V3YYM,302.2,7555,25.0
651,jgeZjmXCDiw,534.9344,16032,29.97002997002997
652,xx698BRyqG4,325.759,9764,29.973078257239248
653,davq4bio878,206.77323333333334,6197,29.97002997002997
654,HLQ16akzeI8,261.59608888888886,6273,23.97971631244232
655,QVIrvIjknv4,419.5,12585,30.0
656,aDfyG7ABRKo,126.35956666666667,3787,29.97002997002997
657,DmcV5DwthkI,186.6865,5595,29.97002997002997
658,zuDJIPoSl7o,169.6695,5085,29.97002997002997
659,W6DgS0s0qcI,379.612,11377,29.970074707859602
660,kTVcpmqpXJ8,154.42093333333332,4628,29.97002997002997
661,peld2w63tpM,183.7836,5508,29.97002997002997
662,6c7WtnF5XWg,280.8,7020,25.0
663,MpYSK8Lwfz0,588.3210666666666,17632,29.97002997002997
664,WesunejhXFI,319.1188,9564,29.97002997002997
665,BK80fNF9ysI,305.873,9168,29.97322418127785
666,RznLeKVI3yo,225.9257,6771,29.97002997002997
667,R5IAGR2SeaE,167.04186666666666,4005,23.976025172132495
668,o25fLmZsWzw,516.7245333333333,12389,23.976024362690733
669,EpNUSTO2BI4,446.1076846141023,13381,29.995
670,ekgZfuxsz_4,470.23643333333337,14093,29.97002997002997
671,0O4bxhpFX9o,311.70799999999997,7481,24.00002566504549
672,HxehEvClhQI,230.26336666666668,6901,29.97002997002997
673,Njhy1XmKRiQ,197.20833333333334,4733,24.0
674,vPmMb42q16g,122.247125,2931,23.976023976023978
675,jnewhlK2USg,492.313,14754,29.96873939952835
676,DeiX_otgD1Q,0.0,0,0.0
677,_Nmu6ezDy-M,244.27736666666667,7321,29.97002997002997
678,VwtkHIturro,272.28,6807,25.0
679,t6PFNTZdkwo,436.971,13097,29.972240720780096
680,GmkRlWA2kGI,210.54366666666667,6310,29.97002997002997
681,U8Mb5cr7JDQ,277.4,6935,25.0
682,U5Eyu9IyG-I,556.5893666666667,16681,29.97002997002997
683,LC99xiKXLuI,472.8666666666667,14186,30.0
684,1iv2xhPN3vk,67.101,2012,29.984650005216018
685,_hj6IRUNvUs,299.717,7187,23.97928712752363
686,hnxHxJ1BKXA,331.95663333333334,7959,23.976023374137526
687,83uz_q4_nyk,633.9333,18999,29.97002997002997
688,_5T4SAo7S-E,456.56666666666666,13697,30.0
689,rTVN7NN-m2Q,208.3,6249,30.0
690,wii9jNiNl9Y,343.476,10294,29.97007068907289
691,nB-z3lmxFXM,135.20173333333332,4052,29.97002997002997
692,Y4GVder8xwE,256.87600000000003,6166,24.00379949859076
693,Tq_nqORh6hs,332.8325,9975,29.97002997002997
694,3bUVlO-kmhw,0.0,0,0.0
695,7Xw2utxQSK8,303.9,9117,30.0
696,sj4BJSnjubc,261.6614,7842,29.97002997002997
697,RubyHelAHBE,0.0,0,0.0
698,_Vzpj0cXoSM,413.26666666666665,12398,30.0
699,bAC0cZIQVOk,508.2077,15231,29.97002997002997
700,v_dkYNq8G9Y,379.6333333333333,11389,30.0
701,Amc5E5Pmqyc,296.76,7419,25.0
702,TgttBprZXDY,213.915,6412,29.974522590748663
703,B1YQYS9BMdk,150.73392222222222,3614,23.976023092346757
704,fAfk3DJ5Diw,314.5142,9426,29.97002997002997
705,N3xXYO9UYxU,365.8655,10965,29.97002997002997
706,3rb_cevHS3c,465.0312333333333,13937,29.97002997002997
707,_j-0ElzS88Q,246.2054,5904,23.979977693421834
708,2UY6Fztzpng,201.65979166666665,4835,23.976023976023978
709,4VQ-etDf0Z8,170.6705,5115,29.97002997002997
710,PYjrGqPHGhY,565.9320333333334,16961,29.97002997002997
711,hcAM69dhawM,181.14763333333335,5429,29.97002997002997
712,T9YvpcxCC2I,305.9056,9168,29.97002997002997
713,eMsfAhVj2e4,308.84186666666665,9256,29.97002997002997
714,KTQeLdmlzBo,391.0,9384,24.0
715,TsrTU3CJn2c,326.2592666666667,9778,29.97002997002997
716,MzOOayCmDkA,129.12926666666667,3096,23.975974462799293
717,E46hfYyQzD4,240.273,7201,29.9700757055516
718,wc9paq0uox4,429.9628666666667,12886,29.97002997002997
719,8Aw2iv6edkk,194.728,5836,29.970009449077686
720,liuwUS5H1qY,282.3,8469,30.0
721,eWR6fgNWfqw,354.7877666666667,10633,29.97002997002997
722,vZ7Pz9jM7zk,211.11086666666668,6327,29.970034702145444
723,jWoSjDifHNQ,662.0,15888,24.0
724,wKHC2gbRdA0,394.0,11820,30.0
725,c3JFGGhkArA,166.93343333333334,5003,29.97002997002997
726,4t1bX0UTl2Q,497.36353333333335,14906,29.97002997002997
727,FcjEswcaJW4,326.0590666666667,9772,29.97002997002997
728,VswrGW9b3ck,102.50240000000001,3072,29.97002997002997
729,5B1jpHgRetQ,278.12,6953,25.0
730,2YkYjleJs-0,208.77523333333335,6257,29.97002997002997
731,v4i6yW5O_Qg,541.9997916666666,12995,23.976023976023978
732,UtVDwLyQz08,146.6,4398,30.0
733,1vJp-jaIaeE,0.0,0,0.0
734,41NQ9UXkPWE,692.76,17319,25.0
735,W4nvDoCtdHM,273.6900777777778,6562,23.976024462706338
736,7v2kaXqLNCY,265.68,6642,25.0
737,a0g9OPuNcwI,221.7215,6645,29.97002997002997
738,N1-rqFfCm9M,201.53466666666668,6040,29.97002997002997
739,a4CrC2VFi_w,279.44,6986,25.0
740,Z8xhli297v8,598.2643333333333,17930,29.97002997002997
741,RllWJUvrxEY,274.34073333333333,8222,29.97002997002997
742,UGUF_9Rt9ZE,233.121,5829,25.004182377392
743,sJLapskS7KU,534.6674666666667,16024,29.97002997002997
744,4TjB1J4QoUQ,396.2291666666667,11875,29.97002997002997
745,H5NPxWpfYNU,364.3333333333333,10930,30.0
746,1r7N-G4kYG8,562.8623,16869,29.97002997002997
747,-GlSSp5ZOCQ,245.57866666666666,7360,29.97002997002997
748,_HtTUAmEqts,370.75,8898,24.0
749,VhaMQEh7ArI,88.2,2205,25.0
750,wqpqx-Qm7lk,475.4,14262,30.0
751,_AZ5jo3y7V4,597.5302666666666,17908,29.97002997002997
752,1m17Yoh73uU,281.51456666666667,8437,29.97002997002997
753,lH7pgsnyGrI,221.1209,6627,29.97002997002997
754,b_uKIQ4dn3A,436.8364,13092,29.97002997002997
755,YnSPiFBZiRI,269.8,6745,25.0
756,dMbb10O9hGs,297.48,7437,25.0
757,zjgsP3zh1HU,386.8865,11595,29.97002997002997
758,ln77pskM4Es,473.6,11840,25.0
759,OJoVVl6PUF0,439.84597354763105,13136,29.865
760,6-1wDYxvhGM,395.1666666666667,9484,24.0
761,zcS2hLxZ-cI,163.92,4098,25.0
762,igEW1p4ZViM,431.56,10789,25.0
763,K16Rr-pPKKI,395.56183333333337,11855,29.97002997002997
764,5cn9KJfaQXk,167.96,4199,25.0
765,Z6coaaI77PY,405.8333333333333,12175,30.0
766,kD25U-pM1Qw,207.174,6210,29.97480378812013
767,soK_Ddu3OWc,0.0,0,0.0
768,-AwyG1JcMp8,307.4404666666667,9214,29.97002997002997
769,r6UE3bWqxK4,0.0,0,0.0
770,Gr7E2bhg0iw,653.92,16348,25.0
771,P7XOVPrxEaQ,568.0258,13619,23.976023624279037
772,nzH74JoLMPI,258.76,6469,25.0
773,rqHVPcy9wxM,92.46737499999999,2217,23.976023976023978
774,ukfCQQpZ0k4,153.0,4590,30.0
775,L4tdvpago7s,454.5791222222222,10899,23.97602412253327
776,Rig-KeXvcyk,412.1117,12351,29.97002997002997
777,WDIf2Jo9EiQ,360.5602,10806,29.97002997002997
778,JdDL-ekwq2A,256.52293333333336,7688,29.97002997002997
779,4apR0YypAGc,153.4533,4599,29.97002997002997
780,7NptUiW8hJw,90.42366666666666,2710,29.97002997002997
781,KCIGy7lt_Og,293.35973333333334,8792,29.97002997002997
782,1mB0G1AwUPg,312.56225,7494,23.976023976023978
783,dkvHu_2X9rs,237.26666666666668,7118,30.0
784,cDk1MIsIiQ4,388.4,9710,25.0
785,UmJk0WSl9Uc,509.3333333333333,12224,24.0
786,YLmAvKNX0mI,412.5,9900,24.0
787,86Mb6cYFJig,214.44826666666665,6219,29.000001243501153
788,5nLKfQjYPIc,208.24,5206,25.0
789,QuHIxCOkTAo,402.13506666666666,12052,29.97002997002997
790,fnbXolhuE7k,375.60833333333335,11257,29.97004858784638
791,aCvIo-M06xI,0.0,0,0.0
792,aCkbw-aI4xU,254.08,6352,25.0
793,wHDZkh-21G0,388.8885,11655,29.97002997002997
794,UHmKlQ2OkTM,826.2921333333334,24764,29.97002997002997
795,luDzsPatsGw,580.6,14515,25.0
796,EzGGJLGgSl8,353.91999999999996,10607,29.97004972875226
797,29Wkj1LqaK8,369.2021666666667,11065,29.97002997002997
798,5Pa79r5Q-ZI,233.04,5826,25.0
799,pYbA5YOcnIo,621.0204,18612,29.97002997002997
800,d2askKEBmKo,187.92106666666666,5632,29.97002997002997
801,APQ_KEVYbBw,220.543,5294,24.00438916673846
802,PPWGxMrCKHo,75.977,2278,29.982757939902864
803,m9gNbLw0Dcg,234.52,5863,25.0
804,MgxOW8WLXh0,206.57303333333334,6191,29.97002997002997
805,3aFiXsrKSoQ,407.34026666666665,12208,29.97002997002997
806,jbjg6w5taGU,272.2386333333333,8159,29.97002997002997
807,2lHFKR2r65U,376.0757,11271,29.97002997002997
808,xAbBPXAnYvw,441.44100000000003,13230,29.97002997002997
809,FeUEV0a6I5I,356.68,8917,25.0
810,sBJJ0Cj0GG4,366.39936666666665,10981,29.97002997002997
811,mV3m2svj3XE,320.6870333333333,9611,29.97002997002997
812,HWdaqQP5460,606.2056,18168,29.97002997002997
813,U_2DFd2ZMfs,316.43333333333334,9493,30.0
814,z4vmfgk1My8,202.804,6079,29.97475394962624
815,olwrZ-zMOqU,614.0467666666667,18403,29.97002997002997
816,X19GtsFLeUU,0.0,0,0.0
817,d-Hwbg0PrNk,234.52,5863,25.0
818,7PATXwoKFeI,237.77920833333332,5701,23.976023976023978
819,CtAJhyW0j_M,592.225,17749,29.970028283169402
820,XrhAUrmnjaA,310.2,7755,25.0
821,IsyVAXuaCC8,591.3240666666667,17722,29.97002997002997
822,VwBJ230pjSk,333.5665666666667,9997,29.97002997002997
823,p_UKXct35jY,171.125,4107,24.0
824,nRageCYhbO8,407.97423333333336,12227,29.97002997002997
825,l2E5jHfAENY,340.8738666666667,10216,29.97002997002997
826,MQxsZgxODww,239.2807,5737,23.976024811027383
827,DsKNKsXCLJw,243.45154166666666,5837,23.976023976023978
828,8XcSP7kKOIo,88.45833333333333,2123,24.0
829,Nn5CFx6fmG0,277.733,8332,30.000036005804137
830,ZazBiZ6ktfk,384.05033333333336,11510,29.97002997002997
831,Vq5gxXh9zLM,105.10330095791196,3149,29.961
832,K6Uk5vNi1_Q,480.54673333333335,14402,29.97002997002997
833,QUt050AXQMw,312.56,7814,25.0
834,aKgeBCbVGgQ,343.30963333333335,10289,29.97002997002997
835,7E8Lj_Ktfok,218.0,5450,25.0
836,2Zr72r4OCe8,0.0,0,0.0
837,GtVEasGxGpM,0.0,0,0.0
838,t7PXWabFg0w,218.2,6546,30.0
839,M6gouTbPn70,312.92,7823,25.0
840,P1OuArzyUl8,161.22773333333333,4832,29.97002997002997
841,DHpQOhQhW3A,183.44,4586,25.0
842,5W3jHo5d7hM,437.08,10927,25.0
843,9ekEjxd-A_Y,485.2180666666667,14542,29.97002997002997
844,yWEq4_EG1us,324.524,9726,29.970048440177
845,ZIgpIiXxbJw,0.0,0,0.0
846,OrXZqt42OVs,106.73996666666667,3199,29.97002997002997
847,RXljYbddo7g,0.0,0,0.0
848,pQfW229-ozg,284.08500000000004,8515,29.9734234472077
849,MxIBrXGWFw0,287.45514444444444,6893,23.979393422656898
850,vp_dOhmfGcs,583.583,17490,29.97002997002997
851,fokJxFjWJfs,0.0,0,0.0
852,5riUSC1fRMI,385.44,9636,25.0
853,XUyqiWN8WFI,398.1894583333333,9547,23.976023976023978
854,Lky6MPtNJto,331.5312,9936,29.97002997002997
855,vXlmXrKC0FE,256.06666666666666,7682,30.0
856,zia8N3EN69s,314.3333333333333,9430,30.0
857,-h8c5sLelZ4,288.36,7209,25.0
858,KbigOSh4b7I,290.68,7267,25.0
859,6uRC10OGY8c,489.88,12247,25.0
860,xiiu9ua4MPE,278.8118666666667,8356,29.97002997002997
861,Dr3rUEc1uVE,375.44173333333333,11252,29.97002997002997
862,D95guPY38bc,376.71000000000004,11291,29.972658012794987
863,vpRz4jPFCmo,313.76099999999997,7845,25.003107460774284
864,KYoelaJY5LA,168.501,5050,29.97014854511249
865,2RW7l4zbS_k,0.0,0,0.0
866,1Ihxcua2HBc,298.0310666666667,8932,29.97002997002997
867,EZKU6KK7e-4,148.0,3552,24.0
868,W0jVkPYQjEo,362.42873333333335,10862,29.97002997002997
869,qaDMnLE6NBU,399.06533333333334,11960,29.97002997002997
870,MOBlJBn0BFI,524.0568666666667,15706,29.97002997002997
871,fR1qLJ1P4DI,354.667,10641,30.00279135076001
872,OMJvrjWEjC0,207.74086666666668,6226,29.97002997002997
873,w4oZ6CWl7no,82.549,2474,29.970078377690825
874,9F5FvWheSrg,286.16,7154,25.0
875,htIpLVWrs0U,324.39073333333334,9722,29.97002997002997
876,ILS3z1zpD8k,129.89270314536884,3886,29.917
877,GgM8IIglBLw,349.1488,10464,29.97002997002997
878,-jZ_U3neOcI,155.48866666666666,4660,29.97002997002997
879,jGC0VhFCk5Y,155.76666666666668,4673,30.0
880,FITnv148xFU,471.64,11791,25.0
881,UbunZxDifYU,330.2,9906,30.0
882,DrXVuj1Qowo,469.3666666666667,14081,30.0
883,bqmkNRNd5yw,587.7,17631,30.0
884,tGGrOrIqB8U,129.52501921984157,3875,29.917
885,pCTdsgv1wZ4,0.0,0,0.0
886,X0qjbOeJkF8,780.56,19514,25.0
887,fq37BTAjPHk,588.0541333333333,17624,29.97002997002997
888,sbkVPzkVY0M,291.1658777777778,6981,23.976023747288153
889,cQ8VpMhqzZ0,0.0,0,0.0
890,4bEtf7u4YtE,237.97917777777778,5706,23.9768876137903
891,l6Wblq6yIk0,241.03245555555557,5779,23.976024252335588
892,WqfselLH4MQ,421.95486666666665,12646,29.97002997002997
893,c8ehb0s3gtQ,442.00823333333335,13247,29.97002997002997
894,X4T4XjWNUgc,360.6936666666667,10810,29.97002997002997
895,AMBH5L6x3dQ,423.281,10583,25.002303434361572
896,4eWzsx1vAi8,224.64,5616,25.0
897,B7-kMmC8Tj8,267.8092083333333,6421,23.976023976023978
898,PLqTyxMYgBg,341.4744666666667,10234,29.97002997002997
899,7r6JQycloEs,279.0202444444445,6690,23.976754852754212
900,olrxEUXmlVA,168.202,5042,29.97586235597674
901,W4uSf0d5yhw,505.7719333333333,7579,14.985014985014985
902,DBJUD9V-1rQ,256.724,7695,29.973824028918216
903,JeLdTWqLUY0,186.86666666666667,5606,30.0
904,CazGUhhclEY,314.354,9421,29.969397558166907
905,eX2r9gvdt1o,216.68313333333333,6494,29.97002997002997
906,MxcI4wQLvK4,313.91360000000003,9408,29.97002997002997
907,LEqqsROtG-I,202.32,5058,25.0
908,rpNzQZqj0JQ,0.0,0,0.0
909,aYyh8axyDg8,330.171,9905,29.99960626463257
910,pDjyQ1lKMT8,163.3632,4896,29.97002997002997
911,imfl-NXiU8g,510.8103,15309,29.97002997002997
912,nrsFW3HE7yo,436.3025333333333,13076,29.97002997002997
913,XNbfYAZ__iU,293.04317777777777,7027,23.97940144277563
914,hs2h7nb5PHQ,316.75,9494,29.97316495659037
915,Nbl97Bp3Kzw,310.8105,7452,23.976023976023978
916,Sh33vaPTI0Q,324.06800000000004,9723,30.002962341237023
917,SkPvNb9P7XQ,195.24,4881,25.0
918,nbiOaHaKuKs,179.64613333333332,5384,29.97002997002997
919,btikV_DUoCM,599.32,14983,25.0
920,KpzFf81iax8,536.3358000000001,16074,29.97002997002997
921,8q287rBZAM0,253.36,6334,25.0
922,aH2TPCuSH5s,96.0,2400,25.0
923,JPbFE731Y0c,210.64376666666666,6313,29.97002997002997
924,-eyDS81FADw,146.88006666666666,4402,29.97002997002997
925,9X5xmrZMX30,279.61266666666666,8380,29.97002997002997
926,mR0inCVvBzY,288.0210666666667,8632,29.97002997002997
927,Re46osq_NkI,285.0,7125,25.0
928,60TXip7-W-E,356.59,10688,29.972797891135478
929,xDp6cWoPMzo,307.37373333333335,9212,29.97002997002997
930,SVo2W3ux1pU,250.2,7506,30.0
931,tzaHcaFys9E,212.16,5304,25.0
932,45mgcWx16mM,0.0,0,0.0
933,ALpzvKkohfQ,428.2,10705,25.0
934,cdsDsUcLJZM,281.9583333333333,6767,24.0
935,k6klZcQR2S0,431.7650888888889,10353,23.978316604157538
936,M5TwnzHdT2Q,153.386,4597,29.9701406908062
937,RKhfv-spUaI,392.36,9809,25.0
938,s345cUBQhhk,0.0,0,0.0
939,lwdypoLpMW4,431.49833333333333,12932,29.969988296594426
940,JDB_HLywaok,372.63893333333334,11168,29.97002997002997
941,Sg0RKVJm-94,318.8518666666667,9556,29.97002997002997
942,1rMT2uMF78E,152.24,3806,25.0
943,PMlHxcmen2I,0.0,0,0.0
944,ioXqgVYG7Xc,290.28,7257,25.0
945,A8eDWlCYaq8,229.22899999999998,5496,23.976023976023978
946,woTrhsB_bcA,349.625,8391,24.0
947,DrM_ZiRvIro,526.0588666666666,15766,29.97002997002997
948,Ghefa-Q18Tg,622.2883333333333,18650,29.97002997002997
949,DKk5IVcIWW8,148.08,3702,25.0
950,FSWZXBbEyFw,271.0708,8124,29.97002997002997
951,c87PnAWDbOA,137.52,3438,25.0
952,ffyHeyRpYvo,468.634,14045,29.97008326327155
953,xK8bGXuXO_Y,268.5683,8049,29.97002997002997
954,fIhIyOWIIz0,71.36295833333332,1711,23.976023976023978
955,6hs8dZuzIFs,0.0,0,0.0
956,wURtxtH7i-Y,193.6935,5805,29.97002997002997
957,MCs2_Ih0PZA,142.68,3567,25.0
958,VSrY0ORD394,338.8385,10155,29.97002997002997
959,1OtWo8cXKWM,313.78013333333337,9404,29.97002997002997
960,xwQBrf2CAvc,73.8,2214,30.0
961,c96tGPyKB0c,173.40656666666666,5197,29.97002997002997
962,TshGvn_QG_g,173.53300000000002,5206,30.000057625927056
963,_z1nplx1HdY,495.661,14855,29.970080357341004
964,osov-0HY1Lw,384.55083333333334,11525,29.97002997002997
965,JWcAs8biQFU,44.16,1104,25.0
966,Be0koDmxrtQ,273.6734,8202,29.97002997002997
967,FXuAeiK2Y5Y,194.5944,5832,29.97002997002997
968,17v08qtr8UM,127.295,3816,29.977611060921483
969,AZDUdr9G318,164.12228888888887,3935,23.976024381819357
970,jkFDlNHAXsU,568.2343333333333,13624,23.976023976023978
971,0JVmVXLrNZo,193.72686666666667,5806,29.97002997002997
972,g6eV_7U5HX8,190.167,5706,30.005205950559244
973,Zi0Ou5dfsWs,501.502,15031,29.97196421948467
974,u8mJfN9TBkY,288.96,7224,25.0
975,nQLUK4aKsg0,151.5514,4542,29.97002997002997
976,qkluMpILLdQ,284.1,8523,30.0
977,2OM9fBeBX-I,213.6,5340,25.0
978,ID2ct1TlVuk,275.84223333333335,8267,29.97002997002997
979,cwLpF3FxZdA,141.91666666666666,3406,24.0
980,DrX6L1FU1Ro,376.6,9415,25.0
981,8QCW0qWbNeI,415.62354166666665,9965,23.976023976023978
982,SELBilV64sY,338.1378,10134,29.97002997002997
983,0hb6NShH9hY,305.7220888888889,7330,23.976023540333728
984,ruKDS_jExs8,307.307,9210,29.97002997002997
985,NK2tAXi3cT4,552.1849666666667,16549,29.97002997002997
986,UHhuaRTF1UY,440.543,10574,24.002197288346427
987,0B-59Ok_r1Y,175.17499999999998,4200,23.976023976023978
988,40UqljqGXXA,243.95203333333333,5849,23.97602479503826
989,R4ZerUrULLk,305.32,7633,25.0
990,Xornhv6aDF4,282.6156666666667,8470,29.97002997002997
991,BRqTCiAc7uk,116.08,2902,25.0
992,OOX012L_cXA,0.0,0,0.0
993,q65WrXiHpoo,223.35646666666668,6694,29.97002997002997
994,lkmVVQIsdEE,244.16666666666666,5860,24.0
995,aYjy__xnegM,301.0674333333333,9023,29.97002997002997
996,7D4uMKxLDT0,325.65866666666665,9760,29.97002997002997
997,fTWrKsyzwm0,221.65476666666666,6643,29.97002997002997
998,IW096cyCuaY,362.22853333333336,10856,29.97002997002997
999,XVqF_2g0psA,362.529,10866,29.972774591825758
1000,XudXzmE1E80,179.94643333333335,5393,29.97002997002997
1001,78dIqPhgnLs,483.53333333333336,7253,15.0
1002,WlHWRPyA7_g,219.625,5271,24.0
1003,fOPF3x6c2WI,95.095,2850,29.97002997002997
1004,aotPPzd8T_c,236.1359,7077,29.97002997002997
1005,W2gnFLOi_AQ,367.8,11034,30.0
1006,mrHTodOjHOc,0.0,0,0.0
1007,rLBQ2Wglw6Y,403.97023333333334,12107,29.97002997002997
1008,Fe4tO5vW9_E,159.68,3992,25.0
1009,uyr2mXqn3Yo,550.3831777777777,13196,23.976023491997072
1010,M0aQH3SpfhU,222.30613333333332,5331,23.980444983974053
1011,HvQ7M9ibS_8,361.2609,10827,29.97002997002997
1012,SRIffPRdq_M,438.47136666666665,13141,29.97002997002997
1013,cxijjHcz70Q,563.8,14095,25.0
1014,SOMsxGGSTUk,319.48583333333335,9575,29.97002997002997
1015,ETXVbDoMKbQ,229.89633333333333,6890,29.97002997002997
1016,fEN_fm6kX6k,574.4071666666666,17215,29.97002997002997
1017,2zCltKMSACE,222.6224,6672,29.97002997002997
1018,Pk88LQ7hxbg,210.54366666666667,6310,29.97002997002997
1019,OiL7GhKwMfw,236.9367,7101,29.97002997002997
1020,Jtusyjv7GiY,353.48,8837,25.0
1021,6XBocXgvfTs,231.56466666666668,3470,14.985014985014985
1022,uOXlG8Tglc8,121.23333333333333,3637,30.0
1023,uq1uP-b7KxY,284.7845,8535,29.97002997002997
1024,HQtOXHghaL0,413.57983333333334,12395,29.97002997002997
1025,a473xRKrDYU,204.4042,6126,29.97002997002997
1026,hXkepSgN_zo,231.98174999999998,5562,23.976023976023978
1027,QepadF9vOdA,381.8815,11445,29.97002997002997
1028,CotdlwupDSI,170.9708,5124,29.97002997002997
1029,xOWHUi9fdBs,0.0,0,0.0
1030,ipcvgAb5y0U,85.96,2149,25.0
1031,O7nS_uu3CZo,126.59313333333334,3794,29.97002997002997
1032,X4GOx3EW3Rw,300.16,7504,25.0
1033,HbXjlFaPzOM,0.0,0,0.0
1034,19EkHqTQkZg,0.0,0,0.0
1035,2rJ3KKx0oRk,211.84,5296,25.0
1036,5Oq5giRXtag,316.04906666666665,9472,29.97002997002997
1037,noS_n5k3oxM,537.4535777777778,12886,23.976024223859582
1038,0qbCigxf_sc,596.8968666666666,17889,29.970001517850154
1039,1xjsM-I-KLI,428.56146666666666,12844,29.97002997002997
1040,OSabGgdaQeM,239.88,5997,25.0
1041,3dUm-m3iFaI,313.8468666666667,9406,29.97002997002997
1042,9-hB_1taG0o,279.8796,8388,29.97002997002997
1043,o42iehActZo,160.88,4022,25.0
1044,m7eR6vTPCxE,275.7755,8265,29.97002997002997
1045,u36qTw33_Kk,430.7303,12909,29.97002997002997
1046,VRPRVTMmNwg,571.4375333333334,17126,29.97002997002997
1047,WXnV0ACb808,158.743,3807,23.98215984326868
1048,891dSjYielI,329.56256666666667,9877,29.97002997002997
1049,pS5T4dCCclQ,131.6,3948,30.0
1050,SIRq4vM7zLQ,506.03886666666665,15166,29.97002997002997
1051,4ZbNtfqKkiI,301.233,9037,30.000033196894098
1052,OsYU9W14guU,244.76666666666668,7343,30.0
1053,C6boSYQalpU,391.55783333333335,11735,29.97002997002997
1054,bjjLIgdnB1Y,510.81081081081084,15309,29.97
1055,U0jn_DI5ESg,183.60007777777778,4402,23.97602470151459
1056,igF8D7iE46o,268.7017666666667,8053,29.97002997002997
1057,tU1NCC3KOOE,0.0,0,0.0
1058,tfZ7g7yr-0k,329.09499999999997,9863,29.970069432838542
1059,ELXmRSw3LlA,240.1,7203,30.0
1060,gXINt_KMK3M,138.2642111111111,3316,23.983068166028986
1061,eHk6NSLGAkc,329.79613333333333,9884,29.97002997002997
1062,ZGLv-uyeQWU,409.94286666666665,12286,29.97002997002997
1063,TvnrmFuz0G8,553.28,13832,25.0
1064,tQ6-_e59Zrk,357.5905666666667,10717,29.97002997002997
1065,zMrDtnzoSiw,425.96,10649,25.0
1066,AGq4lnC_WVo,625.7584666666667,18754,29.97002997002997
1067,9GX8f5EwwE4,241.60803333333334,7241,29.97002997002997
1068,NNEpaEq7OpI,355.0,8875,25.0
1069,CkMGWQG-SaU,419.8777916666666,10067,23.976023976023978
1070,P4FkXyKRwKk,100.92,2523,25.0
1071,U1eHoriT_aI,153.01953333333333,4586,29.97002997002997
1072,awlqmed2nwU,285.04,7126,25.0
1073,nz_LHDf0uqE,584.7174666666667,17524,29.97002997002997
1074,_o3eKyNEECU,126.25946666666667,3784,29.97002997002997
1075,zYMelEXKars,187.82096666666666,5629,29.97002997002997
1076,esqgBv1AG1Q,192.72586666666666,5776,29.97002997002997
1077,ox6YzyVQww0,516.48,12912,25.0
1078,9iH8GK1pcEM,243.77686666666668,7306,29.97002997002997
1079,Os-sHx3zM4Q,0.0,0,0.0
1080,543n2SO_03E,288.96,7224,25.0
1081,RUxugNYxFqg,427.2268,12804,29.97002997002997
1082,2VzLjiTGU9g,221.96666666666667,6659,30.0
1083,_T6wD5toQF8,0.0,0,0.0
1084,M8SHMUBnm4A,234.267,7021,29.97007687809209
1085,NLZO6xY1DXs,369.281,9233,25.002640265813838
1086,GEXox3R0-bk,301.4681348014681,9035,29.97
1087,HBUz55JRRm8,671.9713,20139,29.97002997002997
1088,EkuM7L31bMQ,118.786,3561,29.978280268718535
1089,4nxbRG6-sfw,344.5442,10326,29.97002997002997
1090,R3Jc1fXwSnU,477.43528888888886,11447,23.97602411551946
1091,HK92pViSZA0,329.57924444444444,7902,23.976024380176042
1092,Qsgz9Vr-5aU,474.14099999999996,14211,29.972096907881834
1093,SRdsaqpnfd4,279.714,8384,29.973472904466707
1094,J5Tw7KRnSyc,300.72,7518,25.0
1095,OMb0yA2-pyw,205.4969583333333,4927,23.976023976023978
1096,NktYVXNREVY,749.8491,22473,29.97002997002997
1097,LDig6UT8uWw,110.17673333333333,3302,29.97002997002997
1098,0Jkcym1lGBc,235.536,7060,29.974186536240744
1099,S4At-rC5zNI,196.16263333333333,5879,29.97002997002997
1100,c00gy-NVzaw,258.72,6468,25.0
1101,65235CscqdQ,281.482,8437,29.9734974172416
1102,p-NnIyGFZVw,270.20266666666663,8098,29.970096520142906
1103,PTpRTJKAEoI,226.4,5660,25.0
1104,9Y9_OBnJub0,0.0,0,0.0
1105,qxSUbk742Ag,398.8317666666667,11953,29.97002997002997
1106,xfiIOUS6FpQ,136.10263333333333,4079,29.97002997002997
1107,dkyxNIkE7vQ,207.16,5179,25.0
1108,D0STPAXDYxg,658.9916666666667,19750,29.97002997002997
1109,oVPr2LAyhRM,377.2101666666666,9044,23.976023976023978
1110,BNP9sssEkdU,278.84523333333334,8357,29.97002997002997
1111,vw9FgztLKFc,382.41536666666667,11461,29.97002997002997
1112,zhacHWSMigs,311.16,7779,25.0
1113,1LxRUKMCsrM,252.54166666666666,6061,24.0
1114,wQc0xmPurDc,131.92,3298,25.0
1115,uI-vgcqOioU,428.76,10719,25.0
1116,OUeLe5uMZ6E,752.685,22558,29.970040588028194
1117,2u3n44OAbxU,329.1333333333333,9874,30.0
1118,0-OWf7eul6w,651.36,16284,25.0
1119,zZysbuDEtWY,184.0,4416,24.0
1120,DpuofwnCI8A,634.44,15861,25.0
1121,bp-m0CGtCPo,332.0416666666667,7969,24.0
1122,s4CktGpWaZE,0.0,0,0.0
1123,1HK-p8abRq8,125.2251,3753,29.97002997002997
1124,Dggrreb1T30,181.92,4548,25.0
1125,a6tBjoYxbYQ,229.68,5742,25.0
1126,8ZX3Lazhkp4,235.76753333333335,7066,29.970199459184794
1127,rT3Esab9zmU,263.1795777777778,6310,23.97602448214278
1128,6uttmRx2ovo,658.7666666666667,19763,30.0
1129,Tg0t1i7U0V4,520.7202,15606,29.97002997002997
1130,VmaEuPzlPII,220.595375,5289,23.976023976023978
1131,--bv0V6ZjWI,332.4,9972,30.0
1132,2fPWPaNrUEM,263.53333333333336,7906,30.0
1133,WiliCz0XYVU,190.42356666666666,5707,29.97002997002997
1134,s9r-CxnCXkg,325.04,8126,25.0
1135,0lkjIf5hZT4,150.8507,4521,29.97002997002997
1136,n2Tq29hTKgM,612.56,15314,25.0
1137,JanpGgH1TaA,656.5666666666667,19697,30.0
1138,GyLX64aJY80,0.0,0,0.0
1139,2tCWtcoGpCM,254.48756666666668,7627,29.97002997002997
1140,6uHoTJSLoL8,181.84,4546,25.0
1141,zbOnhbcikz0,482.94913333333335,14474,29.97002997002997
1142,sGZQ8haMF8s,0.0,0,0.0
1143,HdQzPLk_KiA,306.91999999999996,7635,24.8761892349798
1144,7PgQgF5KLTs,208.40753333333333,6246,29.97012583998083
1145,JrOs3kkSZ48,282.5,8475,30.0
1146,XpYgHLTeUd4,241.68099999999998,6043,25.00403424348625
1147,MJ2mD3blxqA,0.0,0,0.0
1148,NRovp9c9e-4,669.72,16743,25.0
1149,1MOHn-ARnD4,149.98316666666668,4495,29.97002997002997
1150,v-NzE_1_xNM,263.6,6590,25.0
1151,dg47TZzD2GM,221.16,5529,25.0
1152,HdVETeyupXE,270.84,6771,25.0
1153,nVERaEFJWLQ,351.792,8444,24.002819848092056
1154,WO4EXX5DJHQ,276.3594222222222,6626,23.97602349404246
1155,_Vw0jI7kJtY,279.04543333333334,8363,29.97002997002997
1156,nzndQflXX-0,550.3831666666666,16495,29.97002997002997
1157,tKsGWxiWWCg,302.2027609720226,9041,29.917
1158,mi8NwUqf7nM,322.25526666666667,9658,29.97002997002997
1159,hLTNXDKU_Pk,98.73196666666666,2959,29.97002997002997
1160,186EQzPPHW8,391.44,9786,25.0
1161,Bn0wtnfGUA8,469.9695,14085,29.97002997002997
1162,r4VSQuNE6D4,236.10253333333333,7076,29.97002997002997
1163,6seOEuK0ojg,456.6895666666667,13687,29.97002997002997
1164,wiWB46xiIwU,254.92133333333334,7640,29.97002997002997
1165,Dg4z8V4Bsd0,259.32,6483,25.0
1166,Yt_oQZkwnZA,276.32,6908,25.0
1167,zljhtdoqpv0,348.9583333333333,8375,24.0
1168,bY4_F8J8HOM,564.999,13560,24.00004247795129
1169,zudeWqL9ALU,351.28,8782,25.0
1170,eyfZZWZwDOY,469.50236666666666,14071,29.97002997002997
1171,JQl2zaUGNSU,260.2266333333333,7799,29.97002997002997
1172,vmHAOH5UMFY,100.76,2519,25.0
1173,XXrVZ-bhQEw,111.36666666666666,3341,30.0
1174,0JPDr8uT8xU,244.15800000000002,5860,24.000851907371455
1175,9RRHAydI_xk,449.2821666666666,10772,23.976023976023978
1176,_eUYGNVVUD0,569.6666666666666,13672,24.0
1177,f2uDKzq8WM0,0.0,0,0.0
1178,tlGFRoMj4uE,551.9180333333334,16541,29.97002997002997
1179,sZ2NyyKVf7A,228.10286666666667,5469,23.976024851945454
1180,g1jFJYtQ9_s,424.457,12721,29.97005585960415
1181,ItEqiHzbLj4,0.0,0,0.0
1182,OL_bDVVxmwA,583.0666666666667,17492,30.0
1183,5_mNozo4yqM,387.7874,11622,29.97002997002997
1184,LjfTvZ-cmzs,347.04,8676,25.0
1185,qLygo7z5hn8,180.61376666666666,5413,29.97002997002997
1186,nLlibzCXf1Q,285.2182666666667,8548,29.97002997002997
1187,VA_7l_TXcMs,575.6419999999999,17253,29.97175327721049
1188,VtuiYP8GIb8,240.24,6006,25.0
1189,PRSzKHcYXrk,286.7447888888889,6875,23.976024208286493
1190,zaJrdbEGBj0,0.0,0,0.0
1191,8CaadFo3sw0,296.62966666666665,7112,23.976023976023978
1192,NXnQys_ejeg,560.0333333333333,16801,30.0
1193,DMGFoEdCcRk,155.45600000000002,4660,29.976327706875256
1194,2HsWZdKKBGg,386.6333333333333,11599,30.0
1195,D4mU_NtbneA,480.14633333333336,14390,29.97002997002997
1196,2ICT6R4XpG8,467.56800000000004,14014,29.972111008452245
1197,VJh-hIt_Oc0,235.97,7073,29.974149256261388
1198,Z6c8hIW7bhI,466.2916666666667,11191,24.0
1199,jpQBWsR3HHs,399.84,9996,25.0
1200,MIt0YvVC2iY,186.48600000000002,5589,29.97007818281265
1201,3t0DOJgK1vs,187.44,4686,25.0
1202,yLJMpYQg_gA,365.06399999999996,10941,29.970087436723425
1203,2QtUtQMVoG8,0.0,0,0.0
1204,BZA7WIwi3aA,359.3256333333333,10769,29.97002997002997
1205,cDYCtBwin5g,395.56,9889,25.0
1206,9CUkuWWVSjE,593.5262666666666,17788,29.97002997002997
1207,qPSqTqkHhGg,292.2252666666667,8758,29.97002997002997
1208,jivDSCDoyU0,0.0,0,0.0
1209,tPLVNKgs8Lk,226.5263,6789,29.97002997002997
1210,Nbh64ntT3EM,204.96,5124,25.0
1211,K8cfa-hIT-8,478.94513333333333,14354,29.97002997002997
1212,7jO6rYyhuJk,132.4,3972,30.0
1213,djKnQP_LvSk,543.3428,16284,29.97002997002997
1214,LpBsoQ6TAL0,368.469,11044,29.972670699570383
1215,vHXLk-xtvQw,231.77935555555555,5807,25.054000111792146
1216,sQl3bQ1rQUM,517.1499666666667,15499,29.97002997002997
1217,NK2xHVWojgY,182.61576666666667,5473,29.97002997002997
1218,5oz8ys_Y1_0,240.36,6009,25.0
1219,XXUmUPDosYQ,263.32,6583,25.0
1220,_SYj8e0ghqA,520.6,15618,30.0
1221,h4eBp37M5c0,0.0,0,0.0
1222,jJDFCCaLRIE,0.0,0,0.0
1223,FiE1KczH4pc,359.7,10791,30.0
1224,khmRPBMz6do,349.8828666666667,10486,29.97002997002997
1225,1P8x2Cy-MUM,226.09253333333334,6776,29.97002997002997
1226,XlAZJB-uAO0,323.6666666666667,4855,15.0
1227,30Q8k57Kbz4,0.0,0,0.0
1228,qqiJM4fV074,159.034,4772,30.006162204308513
1229,ysUibvVCpP8,495.1279666666667,14839,29.97002997002997
1230,r9AtdDfDVmo,425.88,10647,25.0
1231,uFFEK46NIhk,185.55203333333333,5561,29.97002997002997
1232,O7ONcb3qhMU,363.0960666666667,10882,29.97002997002997
1233,oHISYcjakpk,522.5553666666667,15661,29.97002997002997
1234,SuKgZbVHL2o,133.001,3987,29.97721821640439
1235,p-PFp1c0FKs,302.3,9069,30.0
1236,j878b3cSqEw,276.6,6915,25.0
1237,W882NYaaiEs,490.45663333333334,14699,29.97002997002997
1238,pxQd53yvSaA,177.86666666666667,5336,30.0
1239,5cwg5mURihI,303.16953333333333,9086,29.97002997002997
1240,byBVHb9z8Kc,0.0,0,0.0
1241,Qodppi8e68k,471.8380333333333,14141,29.97002997002997
1242,c4WaDsqP38k,126.55976666666668,3793,29.97002997002997
1243,nJ6fxiFKHaE,124.2,3105,25.0
1244,CMz5yBtuocM,286.32,7158,25.0
1245,TfITvKr5M3k,171.239,5133,29.975648070824988
1246,hAzH-GS4cvc,232.94104166666665,5585,23.976023976023978
1247,9kZgaZbDuqI,322.85586666666666,9676,29.97002997002997
1248,KchBiFT7Vlg,180.36,4509,25.0
1249,krb0QUDrmgQ,183.14963333333333,5489,29.97002997002997
1250,dEBUJ6MZ6e0,215.258,5162,23.980525694747698
1251,bczCfVC6HYU,201.4,5035,25.0
1252,0rkJ9RFLaIE,329.96296666666666,9889,29.97002997002997
1253,JK0DTF9Edtk,239.08,5977,25.0
1254,Eci1mvWcQuI,130.196,3902,29.97019877722818
1255,uYBTguvz4tc,253.62,7601,29.970033908997713
1256,D7KJVZ5vTQs,334.267,10018,29.970053879084684
1257,Vuy2nrJz0Zw,516.3491666666666,15475,29.97002997002997
1258,7C8t-Mihd18,329.764,9884,29.97295035237321
1259,rJEqWRMZLNY,234.70113333333333,7034,29.97002997002997
1260,TFRrKVTcWnI,521.4,13035,25.0
1261,r9hoMzxyfx8,584.6507333333334,17522,29.97002997002997
1262,We2CzpjPD3k,638.7666666666667,19163,30.0
1263,MTGYZIE9nUo,385.1666666666667,9244,24.0
1264,ACyY0jTrm5c,156.324,4686,29.976203270131265
1265,0VaYabFg-6E,583.7498333333333,17495,29.97002997002997
1266,D-Dkz8cX3Vg,420.36,10455,24.87153868113046
1267,0H_IfT2sDZ8,268.3013666666667,8041,29.97002997002997
1268,sbjVZBS383U,0.0,0,0.0
1269,_7biIt2WwFA,240.84,6021,25.0
1270,AWVaYpPFJqk,550.9666666666667,16529,30.0
1271,dXhZKrEUHEI,375.64,9391,25.0
1272,AFc6KPGfVs8,367.6673,11019,29.97002997002997
1273,DVW7nZeeVlk,349.6493,10479,29.97002997002997
1274,lSq6y2F35ig,232.66576666666668,6973,29.97002997002997
1275,02nUKT0A7uE,264.43083333333334,7925,29.97002997002997
1276,luS_76U4OCw,390.79040000000003,11712,29.97002997002997
1277,jhb9ExNemYk,186.52,4663,25.0
1278,cMzyB4m3VHY,220.88,5522,25.0
1279,mKDT_D1-Ym4,0.0,0,0.0
1280,mygg-vW_pRM,324.12333333333333,9714,29.970073120314282
1281,5xogySLxeWQ,0.0,0,0.0
1282,9CLtnYV28bY,457.0,13710,30.0
1283,qdg_pmS934Q,234.44,5861,25.0
1284,Ysh60eirChU,0.0,0,0.0
1285,mga0jybosxE,260.00974444444444,6234,23.97602448831298
1286,bmxWJNbqCk8,147.625,3543,24.0
1287,PV93b0xisN8,110.31020000000001,3306,29.97002997002997
1288,a33P6Woqnsk,250.28,6281,25.095892600287677
1289,QtpJZHeoLGs,455.055,13639,29.97220116249684
1290,EHPkhM261nk,419.9195,12585,29.97002997002997
1291,R96CUaMwGME,98.64021111111111,2365,23.976023300842265
1292,haOViOps2ew,229.84,5746,25.0
1293,HwLNy9MV6AQ,0.0,0,0.0
1294,JRycS8aNXBI,616.1488666666667,18466,29.97002997002997
1295,ksSC0Fnjg00,144.244,4323,29.97005074734478
1296,yohSEYq9tSo,217.36,5434,25.0
1297,vcfNpDtVqOw,100.04,2501,25.0
1298,G21LXiasKf4,298.04,7451,25.0
1299,Mc3pEWN0sTs,309.72,7743,25.0
1300,ulTKMWIQR30,96.2962,2886,29.97002997002997
1301,LA6DXaQ5vGQ,175.2,5256,30.0
1302,gC5pQUpJBtM,308.6,7715,25.0
1303,e-LKNWrv6TQ,367.367,11010,29.97002997002997
1304,GaxyzK2mHqw,156.92343333333335,4703,29.97002997002997
1305,gYKfSHrvew0,336.76,8419,25.0
1306,9A5eJ7r6yBo,313.0210333333333,7505,23.97602461432038
1307,FkhBO3uxxnU,79.96,1999,25.0
1308,p-gN4cbmunQ,251.251,7530,29.97002997002997
1309,q4QLiGuLv0M,347.09675,8322,23.976023976023978
1310,G3k0rnWXK_c,72.44056671736172,1810,24.986
1311,Gq9rHij2z20,564.8971333333333,16930,29.970058265475355
1312,Oh9bWvzmgHA,412.16,10304,25.0
1313,8Wx28xP3R70,0.0,0,0.0
1314,qH6kSDQMiFA,271.0040666666667,8122,29.97002997002997
1315,YMcabXHzylg,354.64595555555553,8503,23.976024163817087
1316,bpogVeh1pRw,259.0921666666666,6212,23.976023976023978
1317,UesiELtgiVk,0.0,0,0.0
1318,61gEpXMWTi0,329.96,8249,25.0
1319,NAMZY2LbeFY,340.8333333333333,8180,24.0
1320,vq8C5DTfOKc,143.71,4307,29.970078630575465
1321,uKoGb20Ngcs,555.52,13888,25.0
1322,tqrCEx9np9Y,327.45212499999997,7851,23.976023976023978
1323,kdpQK9f-_xU,204.37083333333334,6125,29.97002997002997
1324,2TSFTzB0AyU,367.72,9193,25.0
1325,NkCbbwxEdXU,196.56400000000002,5892,29.9749699843308
1326,oUvPl-uaqdE,179.44,4486,25.0
1327,e2t_1Atddaw,324.99133333333333,9740,29.97002997002997
1328,_3k47O2ty6k,131.66486666666668,3946,29.97002997002997
1329,KfAq4KRIVs4,585.1852333333333,17538,29.96999753411413
1330,iPJmzCZ3uwo,131.199,3933,29.977362632337137
1331,Z1ajYx0UIxo,197.26666666666668,5918,30.0
1332,1NAoA1R8uZI,333.0660666666667,9982,29.97002997002997
1333,cFcLgFsiZUE,329.8962333333333,9887,29.97002997002997
1334,BFz-pqB2Opw,208.72,5218,25.0
1335,FpzbVOkHh_M,619.7666666666667,18593,30.0
1336,zPCtV7YcmkA,366.5328333333333,10985,29.97002997002997
1337,uFbAiNoQYQE,307.56,7689,25.0
1338,HEQqdbXagok,340.94,10218,29.970082712500734
1339,6nVIgasiUtw,227.13333333333333,6814,30.0
1340,T_o_T3LEYLY,490.82366666666667,14710,29.97002997002997
1341,3rtzSsuJ4Ng,175.561,4390,25.005553625235674
1342,1uoT5TjyWsU,240.0,6000,25.0
1343,EcPsOyNjKYE,246.634,7400,30.003973499193137
1344,WlkaUxBwURQ,287.9543333333333,6904,23.976023976023978
1345,pwfzJlVHLJM,97.1971,2913,29.97002997002997
1346,lRwMt_eHjxU,313.72,7843,25.0
1347,lKm5Ji1Fr4U,370.20366666666666,11095,29.96998949227047
1348,ivLLGfX0YUs,295.52,7388,25.0
1349,uAzzevo-FME,273.12,6828,25.0
1350,dI2WtKv1t_o,568.1333333333333,17044,30.0
1351,vUhoMXc7FJM,1106.0716333333335,33149,29.97002997002997
1352,rlHZ8xe9G10,611.5776333333333,18329,29.97002997002997
1353,Xgp4BTstS20,164.13063333333335,4919,29.97002997002997
1354,a5FoLWnEiAI,595.7952,17856,29.97002997002997
1355,use_geIKnFc,247.7475,7425,29.97002997002997
1356,r10vxqLvy7U,156.2,3905,25.0
1357,TmbdrTVJ_Mo,344.67766666666665,10330,29.97002997002997
1358,SjA7PFoZcNQ,429.08,10727,25.0
1359,lU28_L508vo,293.08,7327,25.0
1360,hJzPVZf6JVo,421.9215,12645,29.97002997002997
1361,rKtI8FQGhHo,331.706375,7953,23.976023976023978
1362,rXR5nuiXtZQ,235.90233333333333,7070,29.97002997002997
1363,rwZZ7d-AOgk,210.56,5264,25.0
1364,UkqQAynrM2g,366.19916666666666,10975,29.97002997002997
1365,F5NsOgJgz64,338.5382,10146,29.97002997002997
1366,cryYST7ga4s,200.96666666666667,6029,30.0
1367,xw9aAfqanDo,354.92123333333336,10637,29.97002997002997
1368,Ghn26BIbbvE,550.2830666666666,16492,29.97002997002997
1369,62H65wNWMZo,153.16666666666666,4595,30.0
1370,TAXAVvroOgk,51.88516666666667,1555,29.97002997002997
1371,vWrOd9Ur0po,292.9927,8781,29.97002997002997
1372,Vyrq2i3R_Sk,319.521,7989,25.003051442628184
1373,BktdaTg6_E4,371.8715,11145,29.97002997002997
1374,0q38LzW-axY,310.877,9317,29.970052464479522
1375,foB6bxhZYF0,382.5822,11466,29.97002997002997
1376,WYAFPvlDB_A,256.761,6420,25.00379730566558
1377,TsEyXJqB4vk,548.2143333333333,13144,23.976023976023978
1378,yQzUEWyn6SM,0.0,0,0.0
1379,k7EVFW1nCNI,456.66453333333334,10949,23.976024413544707
1380,gYWqhml_YJQ,307.36,7684,25.0
1381,t1cUwX4Xzt0,0.0,0,0.0
1382,Z5bpo2sBsl8,309.9096,9288,29.97002997002997
1383,odLBmYsUaHI,229.4392777777778,5502,23.980201006947613
1384,lgg6luYfQ1w,378.6783,11349,29.97002997002997
1385,EP2OBrPPWtU,0.0,0,0.0
1386,9guuyTr8EUg,468.13393333333335,14030,29.97005557811162
1387,xXSBn23NBJU,258.92533333333336,7760,29.97002997002997
1388,lBnuFn9q3Xs,294.495,8827,29.97334419939218
1389,PqyqB_FkWrQ,327.9943333333333,9830,29.97002997002997
1390,fqqpdOpgkdc,300.73333333333335,9022,30.0
1391,GCwrUPndL4g,210.97743333333332,6323,29.97002997002997
1392,5haTwcEIyE8,240.6,6015,25.0
1393,sb58mkT8_ak,309.9763333333333,7432,23.976023976023978
1394,dsI9QVhmsGg,167.76666666666668,5033,30.0
1395,z1S8WkUoQtU,186.72,4668,25.0
1396,m6Fuxu5LjYg,307.57393333333334,9218,29.97002997002997
1397,kKI7R1WD6MU,391.2,11736,30.0
1398,83sNHrKGcqY,307.57393333333334,9218,29.97002997002997
1399,0_Ifseq4Eg8,300.0,7500,25.0
1400,irnNm5jRo1U,176.68,4417,25.0
1401,pYhiIrlXY7I,268.0678,8034,29.97002997002997
1402,FUtv6PjKjDE,81.24783333333333,2435,29.97002997002997
1403,EizSoy7Ztto,297.4304666666667,8914,29.97002997002997
1404,I2AbLUtNSMI,264.36,6609,25.0
1405,pq2PcaRnzc4,287.74579166666666,6899,23.976023976023978
1406,Y9eViE3LY6U,192.72,4818,25.0
1407,eWBSMD3BiHM,448.161,11205,25.002175557444758
1408,bM98rfEd_Yg,196.15429166666667,4703,23.976023976023978
1409,0EuykeOvGg4,444.91113333333334,13334,29.97002997002997
1410,5IL3Zl6rUu4,613.96,15349,25.0
1411,shG7q7jqfsY,108.3082,3246,29.97002997002997
1412,IDu5czNIM1w,193.40154166666665,4637,23.976023976023978
1413,tkuST4Ku37s,127.49403333333333,3821,29.97002997002997
1414,4PAmIrh4heE,563.1292333333333,16877,29.97002997002997
1415,LSOdpif-DCc,736.5691666666667,22075,29.97002997002997
1416,QX3bwt9eINk,666.8333333333334,20005,30.0
1417,a_bpF7Ca6Rw,194.6945,5835,29.97002997002997
1418,ZcsshMf0NTI,351.64,8791,25.0
1419,OT-kq11Q8fU,277.4438333333333,6652,23.976023976023978
1420,XkH9lXa6ykU,239.28,5982,25.0
1421,Epl4sPuetO0,58.76,1469,25.0
1422,DViAejsp_rQ,100.36666666666666,3011,30.0
1423,p_-xXIdhgzU,696.9295666666667,20887,29.97002997002997
1424,sv8jRCmi3Ro,314.6059583333333,7543,23.976023976023978
1425,Odv6ltYAMw4,158.04166666666666,3793,24.0
1426,lYiKwaclCZQ,338.6,8465,25.0
1427,GrCrG-EMr8g,387.5,11625,30.0
1428,C0gWH2E4lWg,358.0577,10731,29.97002997002997
1429,ekguuiYx5xU,0.0,0,0.0
1430,P_eepz1z7H8,130.59713333333335,3914,29.97002997002997
1431,im-aWyUQGrg,324.64,8116,25.0
1432,vwtelJNe7ls,538.0378,16125,29.97001325929145
1433,DErbTrN8v1M,609.6757333333334,18272,29.97002997002997
1434,seLgqS2A_y0,259.1922666666667,7768,29.97002997002997
1435,vLcBGs389k4,359.48412499999995,8619,23.976023976023978
1436,D7K6_0gtpHQ,275.80100000000004,6896,25.00353515759551
1437,RHddz6qeJKk,246.21263333333334,7379,29.97002997002997
1438,LeCwqp8Bic8,342.80913333333336,10274,29.97002997002997
1439,kGxmudExRVk,222.65576666666666,6673,29.97002997002997
1440,F1hJsAju9IY,171.24099999999999,4282,25.005693729889455
1441,xhXcJ6bhX2w,236.80323333333334,7097,29.97002997002997
1442,lrx9H0-W2Kk,206.37283333333335,6185,29.97002997002997
1443,7oyGV_6UBJs,297.125,7131,24.0
1444,Mm6Ay5ez6Ig,406.07233333333335,12170,29.97002997002997
1445,i_wZnw6f5Fw,403.56983333333335,12095,29.97002997002997
1446,OWtnI3m-p8g,405.44,10136,25.0
1447,p8ZGmL-8w6E,499.56573333333336,14972,29.97002997002997
1448,vyDO2t9m0H8,193.027,5786,29.97508120625612
1449,JXCmp1jMi0w,331.331,9930,29.97002997002997
1450,2Ihlw5FFrx4,214.34,5140,23.98059158346552
1451,MCtF5tRCRUk,387.08,9677,25.0
1452,ukdv_PowcM8,358.3997111111111,8593,23.976023790197747
1453,eVfyYRcTijk,563.2710416666666,13505,23.976023976023978
1454,MBDYDoIbt5M,342.64230000000003,10269,29.97002997002997
1455,CgbEMrfzmQQ,250.083,7495,29.970049943418786
1456,_GTwKEPmB-U,188.0879,5637,29.97002997002997
1457,ZsAfIadkwj8,0.0,0,0.0
1458,XeXQ23fgS38,183.03300000000002,5491,30.000054634956538
1459,4gPBv7le5pw,423.2,10580,25.0
1460,r1HcLnSTJHY,173.2,4330,25.0
1461,LqCDIssigHo,223.65676666666667,6703,29.97002997002997
1462,g0KDpc1kSjo,299.52,7488,25.0
1463,L8ZRBTdq3mE,362.2,10866,30.0
1464,6KCWzRfFyr4,579.3666666666667,17381,30.0
1465,vOJkQwF2eno,409.7093,12279,29.97002997002997
1466,k38Al8giI-U,0.0,0,0.0
1467,yTPJ_u_qxDU,516.4,15492,30.0
1468,WcNepcoPYmA,223.633,5591,25.000782532094995
1469,Y9tnBIxTbnw,542.3084333333334,16253,29.97002997002997
1470,LKrI9pGpM78,0.0,0,0.0
1471,3tGhLc48eX8,224.45833333333334,5387,24.0
1472,05ZSU-5UkXw,153.68699999999998,4606,29.970003969106042
1473,x6noOknBPDI,0.0,0,0.0
1474,6H8tPeQGhMY,285.95233333333334,8570,29.97002997002997
1475,oYLrSflCI2g,632.7988333333334,18965,29.97002997002997
1476,Nlo-leQLQqs,259.42583333333334,7775,29.97002997002997
1477,iEDDZvKZLMk,98.97425555555554,2374,23.986035425822855
1478,paiJGvLILKE,533.8666666666667,12800,23.976023976023978
1479,lyjRwe9kGDg,264.43083333333334,6340,23.976023976023978
1480,WRtoMalV4Zo,537.2033333333334,16100,29.97002997002997
1481,JYzdSgVKWTA,180.71386666666666,5416,29.97002997002997
1482,CvSyuGqTrqk,259.5416666666667,6229,24.0
1483,so-RuJQY1d0,588.3333333333334,17650,30.0
1484,V9GsyAcKk_c,109.4093,3279,29.97002997002997
1485,ijQMlWG0qd8,344.27726666666666,10318,29.97002997002997
1486,5RZ2wO2IH54,112.6,2815,25.0
1487,-ju7_ZORsZw,241.64,6041,25.0
1488,rwYaDqXFH88,452.91080000000005,10859,23.976023534877065
1489,BByjyvBp6gI,354.7877666666667,10633,29.97002997002997
1490,4SnAlRlxlFk,301.49981628085646,9026,29.937
1491,4P4BriHZJm8,551.1666666666666,13228,24.0
1492,XMX_DmycSY0,298.6,7465,25.0
1493,7ghf2NpsdcM,315.0663111111111,7555,23.97907911308124
1494,rWdhkAXfEAY,100.6,2515,25.0
1495,-lMphXmWvbk,447.92,11198,25.0
1496,lC8B_Yx6Qzg,334.6666666666667,10040,30.0
1497,ucaCmhNo78k,238.88,5972,25.0
1498,OEguXgM-vbk,297.4972,8916,29.97002997002997
1499,BL8oJSnL4EE,190.48,4762,25.0
1500,Bc0CuJFFSeg,404.8333333333333,9716,24.0
1501,9zqwA2munL0,395.5,11865,30.0
1502,xHlBWc-7Kwo,70.33333333333333,1688,24.0
1503,Ns8su84olsQ,466.34087777777773,11181,23.976023833209847
1504,AcWeYhS3cDs,132.09099999999998,3168,23.983465943932593
1505,RV0_DWkbjx8,135.86906666666667,4072,29.97002997002997
1506,Hu1-l8xvJjU,60.14341666666666,1442,23.976023976023978
1507,SVihYubF078,220.21999999999997,5280,23.976023976023978
1508,o8HaMr9E8J8,156.69820833333333,3757,23.976023976023978
1509,-geDRZmY-E8,472.9725,14175,29.97002997002997
1510,uXbkxyyOEr4,245.12,6128,25.0
1511,Ky0zf0v2F5A,317.2502666666667,9505,29.96057371320308
1512,r7i0dgOLdoo,0.0,0,0.0
1513,zJoy52YuVXs,162.95445833333332,3907,23.976023976023978
1514,LYj5-CdRIz0,241.341,7233,29.970042388156177
1515,PuOc9u9GjWU,280.4134666666667,8404,29.97002997002997
1516,_HYoidFnb5w,267.4338333333333,8015,29.97002997002997
1517,pPG5iylCGlA,350.851,10516,29.97283747231731
1518,B09O9Nfwm_s,160.6,4015,25.0
1519,X4DYlEkdEaQ,226.39283333333333,6785,29.97002997002997
1520,TeB5y-QmIHY,209.33412499999997,5019,23.976023976023978
1521,ZjKY9v48fTc,158.8587,4761,29.97002997002997
1522,Nxt9F9WjdcU,329.59593333333333,9878,29.97002997002997
1523,gB6Fd4D697s,397.83076666666665,11923,29.97002997002997
1524,QRUXnp4mDUQ,203.6034,6102,29.97002997002997
1525,0eCScMSsl_Y,146.9468,4404,29.97002997002997
1526,NYhsc9ikk4I,328.5416666666667,7885,24.0
1527,lYsEShMFTaw,452.5,10860,24.0
1528,rf_mGLJPnDk,280.08,7002,25.0
1529,iQjNhG92hr4,364.4974666666667,10924,29.97002997002997
1530,M8E0XaX0tR0,566.0840000000001,13587,24.001738257926384
1531,svgC7Pcu3_0,531.5977333333334,15932,29.97002997002997
1532,G5dAW-jtLhg,298.498,8946,29.970050050586604
1533,3o2slUH6UmE,324.1571666666667,9715,29.97002997002997
1534,uUqFphdLQ6g,318.5182,9546,29.97002997002997
1535,4if72iBIiJ8,180.3802,5406,29.97002997002997
1536,x2O99s2EOXg,333.2,8330,25.0
1537,pe64g9YAOtM,309.17553333333336,9266,29.97002997002997
1538,G_oxCFd1krc,287.78749999999997,6900,23.976023976023978
1539,LH5lTHLMvXA,239.60603333333333,7181,29.97002997002997
1540,DvAiRex4JlQ,205.45524444444442,4926,23.976024624341004
1541,7rXq0DYdPjs,261.2943666666667,7831,29.97002997002997
1542,ZQGfcC62Pys,112.17873333333334,3362,29.97002997002997
1543,nJzDfRIb9T0,357.5905666666667,10717,29.97002997002997
1544,YhevdroG7a4,192.72586666666666,5776,29.97002997002997
1545,S4z2gmtUzHE,327.6273,9819,29.97002997002997
1546,R-_LEZ41Pt4,411.2441666666667,12325,29.97002997002997
1547,lEw8CgGjuGc,129.29583333333332,3100,23.976023976023978
1548,y0c17Wxj_TI,354.93333333333334,10648,30.0
1549,f-h7OM5HM0Q,607.875,18219,29.97162245527452
1550,O2IDAC0Ogp4,242.57566666666668,7270,29.97002997002997
1551,TF1iWaX2-DM,282.6666666666667,8480,30.0
1552,Xz3-xRyBBog,282.8,7070,25.0
1553,twL5BU4aFCo,333.918,8015,24.00289891530256
1554,F2qYQZ7Q68s,171.70486666666667,5146,29.97002997002997
1555,edX_xmX6q0s,486.0,12150,25.0
1556,abfhnSaZFlA,463.06260000000003,13878,29.97002997002997
1557,LVHGaXH_7nc,532.0666666666667,15962,30.0
1558,lYIdHAgj64Y,0.0,0,0.0
1559,XEHUV09m7Ok,147.201,3681,25.00662359630709
1560,HJHV2nYz1L8,330.33,9900,29.97002997002997
1561,WQlMXudBGT4,195.56203333333335,5861,29.97002997002997
1562,vU2lND4YQjM,0.0,0,0.0
1563,Ts7K969Xdck,387.2869,11607,29.97002997002997
1564,VmxFWJkYAqk,446.04,11151,25.0
1565,QqepsJSi5fs,0.0,0,0.0
1566,RE3QHbz2SH4,121.32000000000001,1818,14.985163204747774
1567,i8BjqgemuXo,329.76,8244,25.0
1568,3cpjOPVkJ-Y,274.7343,6588,23.979532224407365
1569,hTTcCbxQS98,495.73333333333335,14872,30.0
1570,0xYOUNfzIn8,579.2121333333333,17359,29.970021346237914
1571,Ck3oNHsLqfk,378.67900000000003,11350,29.972615328550038
1572,KoKkf5qEW8w,285.5185666666667,8557,29.97002997002997
1573,ljyO7IaGWLY,491.1573333333333,11776,23.976023976023978
1574,-sGB6sywcU4,109.10900000000001,3270,29.97002997002997
1575,cQ8mt5ACO0A,500.93376666666666,15013,29.97002997002997
1576,hu6iMNynOcI,120.7206,3618,29.97002997002997
1577,d2Y0zSQtvj4,288.93333333333334,4334,15.0
1578,tcPeQKJMTOk,467.60046666666665,14014,29.97002997002997
1579,t5ookHohDFc,0.0,0,0.0
1580,8QblSYQpAoM,247.981,7432,29.970038027106916
1581,P0QvEM1pyMU,252.625,6063,24.0
1582,-gJHzNJFTx4,224.3,6729,30.0
1583,2SxbO4VAgN8,411.34426666666667,12328,29.97002997002997
1584,CK_GWBMUXGw,403.16943333333336,12083,29.97002997002997
1585,UbRRHp4uO50,0.0,0,0.0
1586,D1pNWjRvzFs,210.52,5263,25.0
1587,lBguj96fa5w,514.514,15420,29.97002997002997
1588,b56WIxbLd1c,277.92,6948,25.0
1589,YNpVeU1pVZA,219.63607777777779,5266,23.976024582482324
1590,BFpJtwAG-8A,256.055,7674,29.970123606256468
1591,OJB3_asB2rc,111.8,2795,25.0
1592,ho2JlRJp9rk,360.42673333333335,10802,29.97002997002997
1593,KF6W7hSjLYI,700.875,16821,24.0
1594,2Ymt5frHtTg,0.0,0,0.0
1595,mixdagZ-fwI,345.14480000000003,10344,29.97002997002997
1596,Dao0vasGPMQ,207.0,6210,30.0
1597,coYqrXsDPdU,307.7074,9222,29.97002997002997
1598,ISdbVLH2jO8,389.25553333333335,11666,29.97002997002997
1599,33OD9eIiTPI,290.08,7252,25.0
1600,524UzHtbAcY,0.0,0,0.0
1601,29aDIi7qxXY,0.0,0,0.0
1602,bxgdUWKOwtQ,600.48,15012,25.0
1603,sTTECSIiL6I,404.333,12130,30.00002473208964
1604,3UvluD_TEPg,262.62899999999996,7871,29.970033773878743
1605,iDMXdB88oQI,390.4317,9361,23.976024487765724
1606,4JwUCS5JjfY,200.4002,6006,29.97002997002997
1607,EA4EWlv6HUM,263.2,7896,30.0
1608,UcSg3-vlwg0,215.161,5380,25.004531490372326
1609,0IuQKThr-pM,167.90106666666668,5032,29.97002997002997
1610,oRMqGMnK5mk,529.12,13228,25.0
1611,-AfxeTnCbVQ,440.50673333333333,13202,29.97002997002997
1612,XbTA0SGOdwk,294.7945,8835,29.97002997002997
1613,A6icBIwaT8c,0.0,0,0.0
1614,zO7LIiIMVgk,174.0,4176,24.0
1615,JL2WjNsfwmk,312.50100000000003,9376,30.00310399006723
1616,0ShsPjf9shQ,182.8,5484,30.0
1617,jY6HcQVqLgw,227.29373333333334,6812,29.97002997002997
1618,wDa0GL9AZE8,214.94806666666668,6442,29.97002997002997
1619,u-2aI2iptmM,228.35313333333335,5475,23.976023101062477
1620,y_gqHLza4Yk,315.84,7896,25.0
1621,R0FTAjWwuCI,0.0,0,0.0
1622,GnbcTbVhG10,537.8620555555556,15598,29.00000072302719
1623,yF3qIVPhmr4,210.47799999999998,6309,29.974629177396213
1624,CrLSUUltW2A,750.8501,22503,29.97002997002997
1625,g5qy84ftuIw,413.4142,9913,23.97837326342443
1626,wBxa_mAFRJU,85.25183333333332,2044,23.976023976023978
1627,1Vs6LSUz9lA,314.9146,9438,29.97002997002997
1628,4u1Cxoke6Co,154.6973,3710,23.982319019142544
1629,7slwSfbxVQ8,77.56,1939,25.0
1630,FtHLUsOntqI,554.6333333333333,16639,30.0
1631,NujJqJUXSQY,232.56099999999998,5815,25.004192448432885
1632,WAevYUItUAY,161.1192888888889,3863,23.97602438938272
1633,p2GVwIauFks,444.61083333333335,13325,29.97002997002997
1634,LhrmwGxTLAE,529.7,15891,30.0
1635,8Z9iWc70sFc,0.0,0,0.0
1636,D4AnZ0ymfzw,135.03333333333333,4051,30.0
1637,SWPl9nIQ8_g,234.70113333333333,7034,29.97002997002997
1638,xm5OTacqk0E,143.011,4287,29.976715077861144
1639,Hh-uza7bwgE,0.0,0,0.0
1640,E9O9-6TQUw0,564.4,14110,25.0
1641,u2U7VkXHtMU,272.5639583333333,6535,23.976023976023978
1642,22S_rhRSWfI,309.3428666666667,9271,29.969981528586512
1643,2IcWR76i1bo,443.37626666666665,13288,29.97002997002997
1644,ywi6r_igN5M,126.893,3803,29.970132316203415
1645,WTusWtjcQqg,250.4,6260,25.0
1646,fetFXsc6G5s,334.66766666666666,10030,29.97002997002997
1647,LaouC0RQoDg,453.321,13587,29.972138947897847
1648,hM3j1SlUQd8,122.95616666666668,3685,29.97002997002997
1649,iX5UqDbD9YE,183.48,4587,25.0
1650,PKcwRi9jh0E,253.15290000000002,7587,29.97002997002997
1651,kEpB-PVlvVk,316.8,9504,30.0
1652,KDwsw3XLhUo,353.76,8844,25.0
1653,e7sUV8nqs3k,347.72,8693,25.0
1654,m_0hSqNeLIk,0.0,0,0.0
1655,TMpt-41UTOk,562.9333333333333,16888,30.0
1656,FNUumn079DM,538.16,13454,25.0
1657,sJVn7H0pQRw,0.0,0,0.0
1658,vTE9fobspEw,158.868,3810,23.98217388020243
1659,xS78EktJZZA,210.5103,6309,29.97002997002997
1660,iq7aiv9MPvA,590.8666666666667,17726,30.0
1661,2heP32bqOV0,613.3460666666667,18382,29.97002997002997
1662,ulrh6C5V_VI,206.339,6184,29.97009775175803
1663,5mqAoBFqYSs,350.21653333333336,10496,29.97002997002997
1664,gTqhgReBDw0,176.88,4422,25.0
1665,1IE3Z0wBnLU,0.0,0,0.0
1666,ycapN0_D2RA,258.09116666666665,7735,29.97002997002997
1667,tZF_WIdSQHM,628.9283,18849,29.97002997002997
1668,kWLYcM3uVVc,69.92,1748,25.0
1669,WWwcQ6kiKtA,470.2030666666667,14092,29.97002997002997
1670,ztDPzIoZTj0,0.0,0,0.0
1671,Acqpfz6lQc4,467.701,14031,29.9999358564553
1672,7-FatJyHj_g,179.24573333333333,5372,29.97002997002997
1673,zwbCD3CUFIs,404.88,10122,25.0
1674,WOQ0JhA3cOA,80.11336666666666,2401,29.97002997002997
1675,T3v9c2m0ni0,185.666,4456,24.00008617625198
1676,rMaWiWAg2tE,112.36,2809,25.0
1677,lhSHtL-fMYA,540.9666666666667,16229,30.0
1678,wlq30WwXwSM,169.03553333333335,5066,29.97002997002997
1679,_ilIn1kmNSA,146.58333333333334,3518,24.0
1680,p1RgI4R8VX4,520.6,13015,25.0
1681,2iqRbyd1ylg,291.12,7278,25.0
1682,QWXlKD-XGCQ,405.37163333333336,12149,29.97002997002997
1683,oYeWU0dyanY,398.6983,11949,29.97002997002997
1684,oITe5vDxbVo,514.6474666666667,15424,29.97002997002997
1685,E-hILeQ9QHM,618.04,15451,25.0
1686,kchoaU2HL-o,575.8666666666667,17276,30.0
1687,iuQjb1-WAzs,139.58333333333334,3350,24.0
1688,aSLQ9Ow-wMA,444.41063333333335,13319,29.97002997002997
1689,8SVzabm5e3Q,0.0,0,0.0
1690,1uCNsybhEAg,0.0,0,0.0
1691,2Q-Nq6kxpfg,204.72,5118,25.0
1692,SzapdQ4U1pA,404.471,12123,29.972482576006684
1693,MlRpwrhXKBQ,538.2377,16131,29.97002997002997
1694,x41ze5sLnBY,275.375,6609,24.0
1695,eggntdifVXE,527.9166666666666,12670,24.0
1696,XEifm-iXMvs,291.04,7276,25.0
1697,GJzuTXdVQcE,460.39326666666665,13798,29.97002997002997
1698,k3nRPKCyyVg,550.9504000000001,16512,29.97002997002997
1699,danq5zt1zlQ,279.61328888888886,6705,23.97954699021617
1700,O0dbSxAKljk,489.35553333333337,14666,29.97002997002997
1701,e8PNg_-psR8,297.0300666666667,8902,29.97002997002997
1702,XsALTvYUTI8,199.7996,5988,29.97002997002997
1703,usexIHfWXK8,0.0,0,0.0
1704,Nz9EAqTBrNw,236.96946666666668,7102,29.970105853299806
1705,kj5y_71bsJM,215.16,5379,25.0
1706,vow-kxTPatc,547.5333333333333,16426,30.0
1707,OF-Zh5FrxGc,514.26375,12330,23.976023976023978
1708,-ORd4EBliqw,499.08,12477,25.0
1709,oNgVoSBrndw,399.6,9990,25.0
1710,osJxKebjqnU,277.02674444444443,6642,23.97602445684446
1711,LoeSv5enisE,334.9346,10038,29.97002997002997
1712,yDZvPCG51zw,213.42154166666666,5117,23.976023976023978
1713,9Rrfeohr3Fk,169.90306666666666,5092,29.97002997002997
1714,G1ZdFe9x-U8,160.28,4007,25.0
1715,eoQlmIcaCvE,248.28136666666668,7441,29.97002997002997
1716,pj-_TVHfrFg,180.06666666666666,5402,30.0
1717,5VnaolWGIy4,133.70023333333333,4007,29.97002997002997
1718,YuY7aqO0HxU,662.463,19855,29.971485199928146
1719,7zjwjGsVcLI,456.44,11411,25.0
1720,Qy366zq9vws,144.31083333333333,4325,29.97002997002997
1721,EJm2J0WqRcY,266.84,6671,25.0
1722,QKjmdrMA2t8,269.53593333333333,8078,29.97002997002997
1723,a8oSlp9PCMg,523.2666666666667,15698,30.0
1724,w0FBc7-Acs8,372.4,11172,30.0
1725,zCumtEzm4TE,587.188,17599,29.971661546216886
1726,yizxI2Gf_ww,330.798,9915,29.97297444361816
1727,cFZPX7by9N8,300.735,9014,29.9732322476599
1728,4Lv5qsc5muY,364.43073333333336,5461,14.985014985014985
1729,cSe-o-9G3mU,536.0021333333333,16064,29.97002997002997
1730,YX6v3tY7OPg,116.11599999999999,2784,23.976023976023978
1731,qSGeNRE8DIA,0.0,0,0.0
1732,vSRZRp2Ovqc,189.92306666666667,5692,29.97002997002997
1733,Avx4fwzRYX4,262.56,6564,25.0
1734,nfJ8Hsh7L_c,240.48,6012,25.0
1735,aMtZQgH_MRc,162.96666666666667,4889,30.0
1736,i9CMFh31Bs0,616.2489666666667,18469,29.97002997002997
1737,SkawoKeyNoQ,377.778,11323,29.97262942786504
1738,Xf-2YtP05Bs,0.0,0,0.0
1739,720an9dDfkY,310.872,9316,29.96731773849044
1740,Fr8St87Wf-k,586.0855,17565,29.97002997002997
1741,Pf4UNA-izQo,0.0,0,0.0
1742,4K9h7ojJYkc,86.6,2165,25.0
1743,3jDAyeKeYFA,299.5993,8979,29.97002997002997
1744,qpxPlQ0IfLk,288.1211666666666,6908,23.976023976023978
1745,kSyFQ1hWBLU,137.037,4107,29.97000810000219
1746,-q9qwqV7onA,551.4842666666667,16528,29.97002997002997
1747,cgtskudIpvg,91.85843333333334,2753,29.97002997002997
1748,Nl8jNIzvcvY,217.48393333333334,6518,29.97002997002997
1749,SlR-Yh3gebM,295.267,4429,14.999983066174005
1750,KP-sFwyyi2k,232.03333333333333,6961,30.0
1751,FliMoBfG72Y,293.4,7335,25.0
1752,3XKJ07sLiPE,211.32,5283,25.0
1753,NGaMA8-Qn8o,572.6333333333333,17179,30.0
1754,H3cnPVPdwTY,589.5556333333334,17669,29.97002997002997
1755,FTdfwoxgMTU,267.267,8010,29.97002997002997
1756,DeP_lwBPvzw,466.749,11202,24.00005141949956
1757,Qh_rtJaCpXs,240.48,6012,25.0
1758,dnrZJQmC05c,352.1333333333333,10564,30.0
1759,_rrJbjpCOXs,197.2971,5913,29.97002997002997
1760,wk0nfwGyPBI,180.18,5400,29.97002997002997
1761,i0qYuhtSQHI,233.8,7014,30.0
1762,lqDgvgDkphY,276.7765,6636,23.976023976023978
1763,9r-OKNP1V60,191.191,5730,29.97002997002997
1764,t9ry6TkD598,179.98000000000002,5395,29.975552839204354
1765,mUk0FmDrBb8,221.58803333333333,6641,29.97002997002997
1766,YgFwFoqglKc,357.6,10728,30.0
1767,BYoZz07Y_CY,291.0908,8724,29.97002997002997
1768,e8S1vFC8zYk,152.58576666666667,4573,29.97002997002997
1769,NB-5FHq_vL4,782.7083333333334,18785,24.0
1770,2zFAZy0zSbw,374.1070666666667,11212,29.97002997002997
1771,C4ROaIjK6Fs,241.32441666666665,5786,23.976023976023978
1772,9y2BKvWMN9Y,323.0894333333333,9683,29.97002997002997
1773,UUlfKJ9M_pQ,314.06374999999997,7530,23.976023976023978
1774,txjgF4URKDw,0.0,0,0.0
1775,dV8LJ5NeceI,402.8190833333333,9658,23.976023976023978
1776,I1JgU6TK-yc,291.7080888888889,6994,23.976023519402656
1777,w7jJ8nsbbKI,99.16573333333334,2972,29.97002997002997
1778,KAQ6pA9r4wk,173.08,4327,25.0
1779,erExuKpqrAs,294.67028888888893,7066,23.979343240350815
1780,rD33y9PjqU8,76.49308333333333,1834,23.976023976023978
1781,YA6lhxwLrUI,0.0,0,0.0
1782,3WXM2FAueb8,244.8446,7338,29.97002997002997
1783,yreC9D4yYiM,0.0,0,0.0
1784,TvKIeO1kmR4,393.768375,9441,23.976023976023978
1785,RY10IUcz3bk,421.85476666666665,12643,29.97002997002997
1786,u_EbTnpbHRk,373.2729,11187,29.97002997002997
1787,nuwCjQVlBrg,573.4223706176962,17174,29.95
1788,A68bBM_5wUY,603.9700333333334,18101,29.97002997002997
1789,oDsUh1es_lo,122.53908888888888,2938,23.976022889022804
